sku,url,alt_text
SKU00001,https://cdn.pixabay.com/photo/2015/04/20/13/25/paint-731275_1280.jpg,Pintura representativa
SKU00002,https://cdn.pixabay.com/photo/2018/03/11/19/56/silicone-3219462_1280.jpg,Adhesivo representativa
SKU00003,https://cdn.pixabay.com/photo/2020/05/24/15/49/drill-5216722_1280.jpg,Taladro representativa
SKU00004,https://cdn.pixabay.com/photo/2015/04/20/13/25/paint-731275_1280.jpg,Pintura representativa
SKU00005,https://cdn.pixabay.com/photo/2017/09/03/17/04/grinder-2718773_1280.jpg,Amoladora representativa
SKU00006,https://cdn.pixabay.com/photo/2016/04/01/11/31/spanner-1300222_1280.jpg,Llave representativa
SKU00007,https://cdn.pixabay.com/photo/2017/07/17/19/55/screw-2516150_1280.jpg,Tornillo representativa
SKU00008,https://cdn.pixabay.com/photo/2017/09/03/17/04/grinder-2718773_1280.jpg,Amoladora representativa
SKU00009,https://cdn.pixabay.com/photo/2018/03/11/19/56/silicone-3219462_1280.jpg,Adhesivo representativa
SKU00010,https://cdn.pixabay.com/photo/2017/09/03/17/04/grinder-2718773_1280.jpg,Amoladora representativa
SKU00011,https://cdn.pixabay.com/photo/2016/04/01/11/31/spanner-1300222_1280.jpg,Llave representativa
SKU00012,https://cdn.pixabay.com/photo/2016/04/01/11/31/spanner-1300222_1280.jpg,Llave representativa
SKU00013,https://cdn.pixabay.com/photo/2018/03/11/19/56/silicone-3219462_1280.jpg,Adhesivo representativa
SKU00014,https://cdn.pixabay.com/photo/2015/04/20/13/25/paint-731275_1280.jpg,Pintura representativa
SKU00015,https://cdn.pixabay.com/photo/2016/04/01/11/31/spanner-1300222_1280.jpg,Llave representativa
SKU00016,https://cdn.pixabay.com/photo/2017/07/17/19/55/screw-2516150_1280.jpg,Tornillo representativa
SKU00017,https://cdn.pixabay.com/photo/2018/03/11/19/56/silicone-3219462_1280.jpg,Adhesivo representativa
SKU00018,https://cdn.pixabay.com/photo/2016/04/01/11/31/spanner-1300222_1280.jpg,Llave representativa
SKU00019,https://cdn.pixabay.com/photo/2017/09/03/17/04/grinder-2718773_1280.jpg,Amoladora representativa
SKU00020,https://cdn.pixabay.com/photo/2020/06/18/19/08/gloves-5315570_1280.jpg,Guante representativa
SKU00021,https://cdn.pixabay.com/photo/2018/03/11/19/56/silicone-3219462_1280.jpg,Adhesivo representativa
SKU00022,https://cdn.pixabay.com/photo/2018/03/11/19/56/silicone-3219462_1280.jpg,Adhesivo representativa
SKU00023,https://cdn.pixabay.com/photo/2020/06/18/19/08/gloves-5315570_1280.jpg,Guante representativa
SKU00024,https://cdn.pixabay.com/photo/2017/07/17/19/55/screw-2516150_1280.jpg,Tornillo representativa
SKU00025,https://cdn.pixabay.com/photo/2020/06/18/19/08/gloves-5315570_1280.jpg,Guante representativa
SKU00026,https://cdn.pixabay.com/photo/2017/09/03/17/04/grinder-2718773_1280.jpg,Amoladora representativa
SKU00027,https://cdn.pixabay.com/photo/2017/09/03/17/04/grinder-2718773_1280.jpg,Amoladora representativa
SKU00028,https://cdn.pixabay.com/photo/2020/05/24/15/49/drill-5216722_1280.jpg,Taladro representativa
SKU00029,https://cdn.pixabay.com/photo/2020/06/18/19/08/gloves-5315570_1280.jpg,Guante representativa
SKU00030,https://cdn.pixabay.com/photo/2020/05/24/15/49/drill-5216722_1280.jpg,Taladro representativa
SKU00031,https://cdn.pixabay.com/photo/2018/03/11/19/56/silicone-3219462_1280.jpg,Adhesivo representativa
SKU00032,https://cdn.pixabay.com/photo/2017/07/17/19/55/screw-2516150_1280.jpg,Tornillo representativa
SKU00033,https://cdn.pixabay.com/photo/2018/03/11/19/56/silicone-3219462_1280.jpg,Adhesivo representativa
SKU00034,https://cdn.pixabay.com/photo/2015/04/20/13/25/paint-731275_1280.jpg,Pintura representativa
SKU00035,https://cdn.pixabay.com/photo/2016/04/01/11/31/spanner-1300222_1280.jpg,Llave representativa
SKU00036,https://cdn.pixabay.com/photo/2015/04/20/13/25/paint-731275_1280.jpg,Pintura representativa
SKU00037,https://cdn.pixabay.com/photo/2020/05/24/15/49/drill-5216722_1280.jpg,Taladro representativa
SKU00038,https://cdn.pixabay.com/photo/2018/03/11/19/56/silicone-3219462_1280.jpg,Adhesivo representativa
SKU00039,https://cdn.pixabay.com/photo/2016/04/01/11/31/spanner-1300222_1280.jpg,Llave representativa
SKU00040,https://cdn.pixabay.com/photo/2020/06/18/19/08/gloves-5315570_1280.jpg,Guante representativa
SKU00041,https://cdn.pixabay.com/photo/2018/03/11/19/56/silicone-3219462_1280.jpg,Adhesivo representativa
SKU00042,https://cdn.pixabay.com/photo/2017/09/03/17/04/grinder-2718773_1280.jpg,Amoladora representativa
SKU00043,https://cdn.pixabay.com/photo/2020/05/24/15/49/drill-5216722_1280.jpg,Taladro representativa
SKU00044,https://cdn.pixabay.com/photo/2015/04/20/13/25/paint-731275_1280.jpg,Pintura representativa
SKU00045,https://cdn.pixabay.com/photo/2020/05/24/15/49/drill-5216722_1280.jpg,Taladro representativa
SKU00046,https://cdn.pixabay.com/photo/2018/03/11/19/56/silicone-3219462_1280.jpg,Adhesivo representativa
SKU00047,https://cdn.pixabay.com/photo/2017/09/03/17/04/grinder-2718773_1280.jpg,Amoladora representativa
SKU00048,https://cdn.pixabay.com/photo/2018/03/11/19/56/silicone-3219462_1280.jpg,Adhesivo representativa
SKU00049,https://cdn.pixabay.com/photo/2017/07/17/19/55/screw-2516150_1280.jpg,Tornillo representativa
SKU00050,https://cdn.pixabay.com/photo/2018/03/11/19/56/silicone-3219462_1280.jpg,Adhesivo representativa
SKU00051,https://cdn.pixabay.com/photo/2016/04/01/11/31/spanner-1300222_1280.jpg,Llave representativa
SKU00052,https://cdn.pixabay.com/photo/2016/04/01/11/31/spanner-1300222_1280.jpg,Llave representativa
SKU00053,https://cdn.pixabay.com/photo/2017/09/03/17/04/grinder-2718773_1280.jpg,Amoladora representativa
SKU00054,https://cdn.pixabay.com/photo/2020/06/18/19/08/gloves-5315570_1280.jpg,Guante representativa
SKU00055,https://cdn.pixabay.com/photo/2020/05/24/15/49/drill-5216722_1280.jpg,Taladro representativa
SKU00056,https://cdn.pixabay.com/photo/2018/03/11/19/56/silicone-3219462_1280.jpg,Adhesivo representativa
SKU00057,https://cdn.pixabay.com/photo/2017/07/17/19/55/screw-2516150_1280.jpg,Tornillo representativa
SKU00058,https://cdn.pixabay.com/photo/2017/09/03/17/04/grinder-2718773_1280.jpg,Amoladora representativa
SKU00059,https://cdn.pixabay.com/photo/2017/07/17/19/55/screw-2516150_1280.jpg,Tornillo representativa
SKU00060,https://cdn.pixabay.com/photo/2017/09/03/17/04/grinder-2718773_1280.jpg,Amoladora representativa
SKU00061,https://cdn.pixabay.com/photo/2020/06/18/19/08/gloves-5315570_1280.jpg,Guante representativa
SKU00062,https://cdn.pixabay.com/photo/2016/04/01/11/31/spanner-1300222_1280.jpg,Llave representativa
SKU00063,https://cdn.pixabay.com/photo/2015/04/20/13/25/paint-731275_1280.jpg,Pintura representativa
SKU00064,https://cdn.pixabay.com/photo/2017/07/17/19/55/screw-2516150_1280.jpg,Tornillo representativa
SKU00065,https://cdn.pixabay.com/photo/2016/04/01/11/31/spanner-1300222_1280.jpg,Llave representativa
SKU00066,https://cdn.pixabay.com/photo/2015/04/20/13/25/paint-731275_1280.jpg,Pintura representativa
SKU00067,https://cdn.pixabay.com/photo/2016/04/01/11/31/spanner-1300222_1280.jpg,Llave representativa
SKU00068,https://cdn.pixabay.com/photo/2020/06/18/19/08/gloves-5315570_1280.jpg,Guante representativa
SKU00069,https://cdn.pixabay.com/photo/2016/04/01/11/31/spanner-1300222_1280.jpg,Llave representativa
SKU00070,https://cdn.pixabay.com/photo/2020/05/24/15/49/drill-5216722_1280.jpg,Taladro representativa
SKU00071,https://cdn.pixabay.com/photo/2018/03/11/19/56/silicone-3219462_1280.jpg,Adhesivo representativa
SKU00072,https://cdn.pixabay.com/photo/2015/04/20/13/25/paint-731275_1280.jpg,Pintura representativa
SKU00073,https://cdn.pixabay.com/photo/2020/05/24/15/49/drill-5216722_1280.jpg,Taladro representativa
SKU00074,https://cdn.pixabay.com/photo/2017/09/03/17/04/grinder-2718773_1280.jpg,Amoladora representativa
SKU00075,https://cdn.pixabay.com/photo/2016/04/01/11/31/spanner-1300222_1280.jpg,Llave representativa
SKU00076,https://cdn.pixabay.com/photo/2017/09/03/17/04/grinder-2718773_1280.jpg,Amoladora representativa
SKU00077,https://cdn.pixabay.com/photo/2020/05/24/15/49/drill-5216722_1280.jpg,Taladro representativa
SKU00078,https://cdn.pixabay.com/photo/2017/09/03/17/04/grinder-2718773_1280.jpg,Amoladora representativa
SKU00079,https://cdn.pixabay.com/photo/2020/05/24/15/49/drill-5216722_1280.jpg,Taladro representativa
SKU00080,https://cdn.pixabay.com/photo/2018/03/11/19/56/silicone-3219462_1280.jpg,Adhesivo representativa
SKU00081,https://cdn.pixabay.com/photo/2020/06/18/19/08/gloves-5315570_1280.jpg,Guante representativa
SKU00082,https://cdn.pixabay.com/photo/2018/03/11/19/56/silicone-3219462_1280.jpg,Adhesivo representativa
SKU00083,https://cdn.pixabay.com/photo/2020/05/24/15/49/drill-5216722_1280.jpg,Taladro representativa
SKU00084,https://cdn.pixabay.com/photo/2020/05/24/15/49/drill-5216722_1280.jpg,Taladro representativa
SKU00085,https://cdn.pixabay.com/photo/2020/06/18/19/08/gloves-5315570_1280.jpg,Guante representativa
SKU00086,https://cdn.pixabay.com/photo/2017/07/17/19/55/screw-2516150_1280.jpg,Tornillo representativa
SKU00087,https://cdn.pixabay.com/photo/2018/03/11/19/56/silicone-3219462_1280.jpg,Adhesivo representativa
SKU00088,https://cdn.pixabay.com/photo/2016/04/01/11/31/spanner-1300222_1280.jpg,Llave representativa
SKU00089,https://cdn.pixabay.com/photo/2016/04/01/11/31/spanner-1300222_1280.jpg,Llave representativa
SKU00090,https://cdn.pixabay.com/photo/2018/03/11/19/56/silicone-3219462_1280.jpg,Adhesivo representativa
SKU00091,https://cdn.pixabay.com/photo/2020/05/24/15/49/drill-5216722_1280.jpg,Taladro representativa
SKU00092,https://cdn.pixabay.com/photo/2016/04/01/11/31/spanner-1300222_1280.jpg,Llave representativa
SKU00093,https://cdn.pixabay.com/photo/2015/04/20/13/25/paint-731275_1280.jpg,Pintura representativa
SKU00094,https://cdn.pixabay.com/photo/2020/06/18/19/08/gloves-5315570_1280.jpg,Guante representativa
SKU00095,https://cdn.pixabay.com/photo/2017/07/17/19/55/screw-2516150_1280.jpg,Tornillo representativa
SKU00096,https://cdn.pixabay.com/photo/2020/06/18/19/08/gloves-5315570_1280.jpg,Guante representativa
SKU00097,https://cdn.pixabay.com/photo/2017/07/17/19/55/screw-2516150_1280.jpg,Tornillo representativa
SKU00098,https://cdn.pixabay.com/photo/2018/03/11/19/56/silicone-3219462_1280.jpg,Adhesivo representativa
SKU00099,https://cdn.pixabay.com/photo/2015/04/20/13/25/paint-731275_1280.jpg,Pintura representativa
SKU00100,https://cdn.pixabay.com/photo/2017/09/03/17/04/grinder-2718773_1280.jpg,Amoladora representativa
SKU00101,https://cdn.pixabay.com/photo/2020/06/18/19/08/gloves-5315570_1280.jpg,Guante representativa
SKU00102,https://cdn.pixabay.com/photo/2018/03/11/19/56/silicone-3219462_1280.jpg,Adhesivo representativa
SKU00103,https://cdn.pixabay.com/photo/2018/03/11/19/56/silicone-3219462_1280.jpg,Adhesivo representativa
SKU00104,https://cdn.pixabay.com/photo/2017/07/17/19/55/screw-2516150_1280.jpg,Tornillo representativa
SKU00105,https://cdn.pixabay.com/photo/2018/03/11/19/56/silicone-3219462_1280.jpg,Adhesivo representativa
SKU00106,https://cdn.pixabay.com/photo/2017/09/03/17/04/grinder-2718773_1280.jpg,Amoladora representativa
SKU00107,https://cdn.pixabay.com/photo/2016/04/01/11/31/spanner-1300222_1280.jpg,Llave representativa
SKU00108,https://cdn.pixabay.com/photo/2018/03/11/19/56/silicone-3219462_1280.jpg,Adhesivo representativa
SKU00109,https://cdn.pixabay.com/photo/2017/09/03/17/04/grinder-2718773_1280.jpg,Amoladora representativa
SKU00110,https://cdn.pixabay.com/photo/2017/09/03/17/04/grinder-2718773_1280.jpg,Amoladora representativa
SKU00111,https://cdn.pixabay.com/photo/2020/06/18/19/08/gloves-5315570_1280.jpg,Guante representativa
SKU00112,https://cdn.pixabay.com/photo/2015/04/20/13/25/paint-731275_1280.jpg,Pintura representativa
SKU00113,https://cdn.pixabay.com/photo/2017/09/03/17/04/grinder-2718773_1280.jpg,Amoladora representativa
SKU00114,https://cdn.pixabay.com/photo/2015/04/20/13/25/paint-731275_1280.jpg,Pintura representativa
SKU00115,https://cdn.pixabay.com/photo/2020/06/18/19/08/gloves-5315570_1280.jpg,Guante representativa
SKU00116,https://cdn.pixabay.com/photo/2017/07/17/19/55/screw-2516150_1280.jpg,Tornillo representativa
SKU00117,https://cdn.pixabay.com/photo/2018/03/11/19/56/silicone-3219462_1280.jpg,Adhesivo representativa
SKU00118,https://cdn.pixabay.com/photo/2015/04/20/13/25/paint-731275_1280.jpg,Pintura representativa
SKU00119,https://cdn.pixabay.com/photo/2020/05/24/15/49/drill-5216722_1280.jpg,Taladro representativa
SKU00120,https://cdn.pixabay.com/photo/2020/06/18/19/08/gloves-5315570_1280.jpg,Guante representativa
SKU00121,https://cdn.pixabay.com/photo/2018/03/11/19/56/silicone-3219462_1280.jpg,Adhesivo representativa
SKU00122,https://cdn.pixabay.com/photo/2018/03/11/19/56/silicone-3219462_1280.jpg,Adhesivo representativa
SKU00123,https://cdn.pixabay.com/photo/2020/06/18/19/08/gloves-5315570_1280.jpg,Guante representativa
SKU00124,https://cdn.pixabay.com/photo/2017/07/17/19/55/screw-2516150_1280.jpg,Tornillo representativa
SKU00125,https://cdn.pixabay.com/photo/2017/07/17/19/55/screw-2516150_1280.jpg,Tornillo representativa
SKU00126,https://cdn.pixabay.com/photo/2018/03/11/19/56/silicone-3219462_1280.jpg,Adhesivo representativa
SKU00127,https://cdn.pixabay.com/photo/2015/04/20/13/25/paint-731275_1280.jpg,Pintura representativa
SKU00128,https://cdn.pixabay.com/photo/2020/05/24/15/49/drill-5216722_1280.jpg,Taladro representativa
SKU00129,https://cdn.pixabay.com/photo/2017/07/17/19/55/screw-2516150_1280.jpg,Tornillo representativa
SKU00130,https://cdn.pixabay.com/photo/2016/04/01/11/31/spanner-1300222_1280.jpg,Llave representativa
SKU00131,https://cdn.pixabay.com/photo/2017/09/03/17/04/grinder-2718773_1280.jpg,Amoladora representativa
SKU00132,https://cdn.pixabay.com/photo/2020/06/18/19/08/gloves-5315570_1280.jpg,Guante representativa
SKU00133,https://cdn.pixabay.com/photo/2016/04/01/11/31/spanner-1300222_1280.jpg,Llave representativa
SKU00134,https://cdn.pixabay.com/photo/2015/04/20/13/25/paint-731275_1280.jpg,Pintura representativa
SKU00135,https://cdn.pixabay.com/photo/2020/05/24/15/49/drill-5216722_1280.jpg,Taladro representativa
SKU00136,https://cdn.pixabay.com/photo/2015/04/20/13/25/paint-731275_1280.jpg,Pintura representativa
SKU00137,https://cdn.pixabay.com/photo/2015/04/20/13/25/paint-731275_1280.jpg,Pintura representativa
SKU00138,https://cdn.pixabay.com/photo/2015/04/20/13/25/paint-731275_1280.jpg,Pintura representativa
SKU00139,https://cdn.pixabay.com/photo/2015/04/20/13/25/paint-731275_1280.jpg,Pintura representativa
SKU00140,https://cdn.pixabay.com/photo/2020/06/18/19/08/gloves-5315570_1280.jpg,Guante representativa
SKU00141,https://cdn.pixabay.com/photo/2015/04/20/13/25/paint-731275_1280.jpg,Pintura representativa
SKU00142,https://cdn.pixabay.com/photo/2017/09/03/17/04/grinder-2718773_1280.jpg,Amoladora representativa
SKU00143,https://cdn.pixabay.com/photo/2016/04/01/11/31/spanner-1300222_1280.jpg,Llave representativa
SKU00144,https://cdn.pixabay.com/photo/2020/06/18/19/08/gloves-5315570_1280.jpg,Guante representativa
SKU00145,https://cdn.pixabay.com/photo/2017/09/03/17/04/grinder-2718773_1280.jpg,Amoladora representativa
SKU00146,https://cdn.pixabay.com/photo/2017/09/03/17/04/grinder-2718773_1280.jpg,Amoladora representativa
SKU00147,https://cdn.pixabay.com/photo/2017/07/17/19/55/screw-2516150_1280.jpg,Tornillo representativa
SKU00148,https://cdn.pixabay.com/photo/2017/09/03/17/04/grinder-2718773_1280.jpg,Amoladora representativa
SKU00149,https://cdn.pixabay.com/photo/2016/04/01/11/31/spanner-1300222_1280.jpg,Llave representativa
SKU00150,https://cdn.pixabay.com/photo/2017/07/17/19/55/screw-2516150_1280.jpg,Tornillo representativa
SKU00151,https://cdn.pixabay.com/photo/2017/09/03/17/04/grinder-2718773_1280.jpg,Amoladora representativa
SKU00152,https://cdn.pixabay.com/photo/2020/05/24/15/49/drill-5216722_1280.jpg,Taladro representativa
SKU00153,https://cdn.pixabay.com/photo/2020/06/18/19/08/gloves-5315570_1280.jpg,Guante representativa
SKU00154,https://cdn.pixabay.com/photo/2020/06/18/19/08/gloves-5315570_1280.jpg,Guante representativa
SKU00155,https://cdn.pixabay.com/photo/2020/05/24/15/49/drill-5216722_1280.jpg,Taladro representativa
SKU00156,https://cdn.pixabay.com/photo/2017/07/17/19/55/screw-2516150_1280.jpg,Tornillo representativa
SKU00157,https://cdn.pixabay.com/photo/2020/05/24/15/49/drill-5216722_1280.jpg,Taladro representativa
SKU00158,https://cdn.pixabay.com/photo/2015/04/20/13/25/paint-731275_1280.jpg,Pintura representativa
SKU00159,https://cdn.pixabay.com/photo/2018/03/11/19/56/silicone-3219462_1280.jpg,Adhesivo representativa
SKU00160,https://cdn.pixabay.com/photo/2015/04/20/13/25/paint-731275_1280.jpg,Pintura representativa
SKU00161,https://cdn.pixabay.com/photo/2017/09/03/17/04/grinder-2718773_1280.jpg,Amoladora representativa
SKU00162,https://cdn.pixabay.com/photo/2017/09/03/17/04/grinder-2718773_1280.jpg,Amoladora representativa
SKU00163,https://cdn.pixabay.com/photo/2020/05/24/15/49/drill-5216722_1280.jpg,Taladro representativa
SKU00164,https://cdn.pixabay.com/photo/2020/05/24/15/49/drill-5216722_1280.jpg,Taladro representativa
SKU00165,https://cdn.pixabay.com/photo/2020/06/18/19/08/gloves-5315570_1280.jpg,Guante representativa
SKU00166,https://cdn.pixabay.com/photo/2020/06/18/19/08/gloves-5315570_1280.jpg,Guante representativa
SKU00167,https://cdn.pixabay.com/photo/2017/07/17/19/55/screw-2516150_1280.jpg,Tornillo representativa
SKU00168,https://cdn.pixabay.com/photo/2017/09/03/17/04/grinder-2718773_1280.jpg,Amoladora representativa
SKU00169,https://cdn.pixabay.com/photo/2020/06/18/19/08/gloves-5315570_1280.jpg,Guante representativa
SKU00170,https://cdn.pixabay.com/photo/2017/07/17/19/55/screw-2516150_1280.jpg,Tornillo representativa
SKU00171,https://cdn.pixabay.com/photo/2015/04/20/13/25/paint-731275_1280.jpg,Pintura representativa
SKU00172,https://cdn.pixabay.com/photo/2020/06/18/19/08/gloves-5315570_1280.jpg,Guante representativa
SKU00173,https://cdn.pixabay.com/photo/2017/07/17/19/55/screw-2516150_1280.jpg,Tornillo representativa
SKU00174,https://cdn.pixabay.com/photo/2020/06/18/19/08/gloves-5315570_1280.jpg,Guante representativa
SKU00175,https://cdn.pixabay.com/photo/2020/06/18/19/08/gloves-5315570_1280.jpg,Guante representativa
SKU00176,https://cdn.pixabay.com/photo/2020/06/18/19/08/gloves-5315570_1280.jpg,Guante representativa
SKU00177,https://cdn.pixabay.com/photo/2020/06/18/19/08/gloves-5315570_1280.jpg,Guante representativa
SKU00178,https://cdn.pixabay.com/photo/2017/07/17/19/55/screw-2516150_1280.jpg,Tornillo representativa
SKU00179,https://cdn.pixabay.com/photo/2018/03/11/19/56/silicone-3219462_1280.jpg,Adhesivo representativa
SKU00180,https://cdn.pixabay.com/photo/2016/04/01/11/31/spanner-1300222_1280.jpg,Llave representativa
SKU00181,https://cdn.pixabay.com/photo/2017/07/17/19/55/screw-2516150_1280.jpg,Tornillo representativa
SKU00182,https://cdn.pixabay.com/photo/2018/03/11/19/56/silicone-3219462_1280.jpg,Adhesivo representativa
SKU00183,https://cdn.pixabay.com/photo/2017/09/03/17/04/grinder-2718773_1280.jpg,Amoladora representativa
SKU00184,https://cdn.pixabay.com/photo/2020/05/24/15/49/drill-5216722_1280.jpg,Taladro representativa
SKU00185,https://cdn.pixabay.com/photo/2017/07/17/19/55/screw-2516150_1280.jpg,Tornillo representativa
SKU00186,https://cdn.pixabay.com/photo/2015/04/20/13/25/paint-731275_1280.jpg,Pintura representativa
SKU00187,https://cdn.pixabay.com/photo/2017/09/03/17/04/grinder-2718773_1280.jpg,Amoladora representativa
SKU00188,https://cdn.pixabay.com/photo/2020/06/18/19/08/gloves-5315570_1280.jpg,Guante representativa
SKU00189,https://cdn.pixabay.com/photo/2017/07/17/19/55/screw-2516150_1280.jpg,Tornillo representativa
SKU00190,https://cdn.pixabay.com/photo/2016/04/01/11/31/spanner-1300222_1280.jpg,Llave representativa
SKU00191,https://cdn.pixabay.com/photo/2020/06/18/19/08/gloves-5315570_1280.jpg,Guante representativa
SKU00192,https://cdn.pixabay.com/photo/2018/03/11/19/56/silicone-3219462_1280.jpg,Adhesivo representativa
SKU00193,https://cdn.pixabay.com/photo/2015/04/20/13/25/paint-731275_1280.jpg,Pintura representativa
SKU00194,https://cdn.pixabay.com/photo/2017/07/17/19/55/screw-2516150_1280.jpg,Tornillo representativa
SKU00195,https://cdn.pixabay.com/photo/2016/04/01/11/31/spanner-1300222_1280.jpg,Llave representativa
SKU00196,https://cdn.pixabay.com/photo/2017/07/17/19/55/screw-2516150_1280.jpg,Tornillo representativa
SKU00197,https://cdn.pixabay.com/photo/2020/06/18/19/08/gloves-5315570_1280.jpg,Guante representativa
SKU00198,https://cdn.pixabay.com/photo/2017/07/17/19/55/screw-2516150_1280.jpg,Tornillo representativa
SKU00199,https://cdn.pixabay.com/photo/2020/06/18/19/08/gloves-5315570_1280.jpg,Guante representativa
SKU00200,https://cdn.pixabay.com/photo/2017/07/17/19/55/screw-2516150_1280.jpg,Tornillo representativa
