sku,category_id,name,description,price,brand,spec_json
SKU00001,27,Pintura Acrílica Bahco,"Pintura acrílica Bahco de excelente cubrimiento y durabilidad. Ideal para proyectos de interior y exterior, ofreciendo un acabado profesional y resistente.",8.67,Bahco,"{""rosca"": ""Métrica"", ""material"": ""Aluminio"", ""recubrimiento"": ""Sin recubrimiento"", ""peso_gramos"": 4142}"
SKU00002,25,Adhesivo de Montaje Einhell,"Adhesivo de montaje Einhell con agarre inicial inmediato. Fuerte y versátil, ideal para pegar materiales como madera, metal, cerámica y plástico sin necesidad de clavos.",36.04,Einhell,"{""rosca"": ""Métrica"", ""material"": ""Acero"", ""recubrimiento"": ""Galvanizado"", ""peso_gramos"": 3668}"
SKU00003,14,Taladro Percutor Stanley,"Potente taladro percutor de la marca Stanley. Diseñado con una robusta carcasa de acero y un acabado zincado para máxima durabilidad. Ideal para perforaciones precisas.",84.02,Stanley,"{""rosca"": ""Trapezoidal"", ""material"": ""Acero"", ""recubrimiento"": ""Zincado"", ""peso_gramos"": 4660}"
SKU00004,8,Esmalte Sintético DeWalt,"Esmalte sintético DeWalt de alta resistencia. Proporciona una capa protectora duradera contra el desgaste, perfecta para metales y maderas.",129.34,DeWalt,"{""rosca"": ""UNF"", ""material"": ""Latón"", ""recubrimiento"": ""Zincado"", ""peso_gramos"": 2169}"
SKU00005,19,Amoladora Angular DeWalt,"Amoladora angular profesional DeWalt. Su diseño ergonómico y su peso de 3.45 kg permiten un control preciso en trabajos de corte y desbaste. Construida con plástico reforzado de alta resistencia.",185.69,DeWalt,"{""rosca"": ""UNC"", ""material"": ""Plástico reforzado"", ""recubrimiento"": ""Sin recubrimiento"", ""peso_gramos"": 3445}"
SKU00006,19,Llave Combinada de Latón Einhell,"Llave combinada Einhell, forjada en latón de alta resistencia. Cuenta con un acabado pavonado que protege contra el óxido y garantiza una larga vida útil.",132.72,Einhell,"{""rosca"": ""UNF"", ""material"": ""Latón"", ""recubrimiento"": ""Pavonado"", ""peso_gramos"": 2878}"
SKU00007,11,Tornillos Trapezoidales Stanley,"Tornillo especializado Stanley con rosca tipo trapezoidal. Hecho de plástico reforzado para una máxima durabilidad y con un acabado zincado para una excelente protección contra la corrosión.",228.53,Stanley,"{""rosca"": ""Trapezoidal"", ""material"": ""Plástico reforzado"", ""recubrimiento"": ""Zincado"", ""peso_gramos"": 4980}"
SKU00008,5,Mini Amoladora Einhell,"Mini amoladora Einhell, perfecta para trabajos de precisión. Fabricada en aluminio y con un acabado protector zincado, ofrece fiabilidad y un manejo cómodo para acabados detallados.",227.84,Einhell,"{""rosca"": ""UNF"", ""material"": ""Aluminio"", ""recubrimiento"": ""Zincado"", ""peso_gramos"": 4069}"
SKU00009,13,Adhesivo Universal Bosch,"Pegamento universal Bosch de secado rápido y transparente. Proporciona una unión fuerte y duradera en segundos, indispensable en cualquier caja de herramientas.",117.88,Bosch,"{""rosca"": ""Trapezoidal"", ""material"": ""Acero"", ""recubrimiento"": ""Galvanizado"", ""peso_gramos"": 3574}"
SKU00010,15,Amoladora Angular de Acero Einhell,"Amoladora angular profesional Einhell. Su diseño ergonómico y su peso de 4.10 kg permiten un control preciso en trabajos de corte y desbaste. Construida con acero de alta resistencia.",151.39,Einhell,"{""rosca"": ""Trapezoidal"", ""material"": ""Acero"", ""recubrimiento"": ""Galvanizado"", ""peso_gramos"": 4101}"
SKU00011,9,Llave de Aluminio Bosch,"Llave combinada Bosch, forjada en aluminio de alta resistencia. Cuenta con un acabado pavonado que protege contra el óxido y garantiza una larga vida útil.",149.04,Bosch,"{""rosca"": ""Métrica"", ""material"": ""Aluminio"", ""recubrimiento"": ""Pavonado"", ""peso_gramos"": 4478}"
SKU00012,10,Juego de Llaves Facom,"Juego de llaves Facom fabricado en plástico reforzado con tratamiento sin recubrimiento. Esencial para trabajos de mecánica y mantenimiento general, ofreciendo un agarre seguro.",117.28,Facom,"{""rosca"": ""Trapezoidal"", ""material"": ""Plástico reforzado"", ""recubrimiento"": ""Sin recubrimiento"", ""peso_gramos"": 4308}"
SKU00013,3,Adhesivo Universal Makita,"Pegamento universal Makita de secado rápido y transparente. Proporciona una unión fuerte y duradera en segundos, indispensable en cualquier caja de herramientas.",23.87,Makita,"{""rosca"": ""Trapezoidal"", ""material"": ""Plástico reforzado"", ""recubrimiento"": ""Sin recubrimiento"", ""peso_gramos"": 2410}"
SKU00014,1,Pintura Exterior Bahco,"Pintura acrílica Bahco de excelente cubrimiento y durabilidad. Ideal para proyectos de interior y exterior, ofreciendo un acabado profesional y resistente.",96.66,Bahco,"{""rosca"": ""Whitworth"", ""material"": ""Aluminio"", ""recubrimiento"": ""Galvanizado"", ""peso_gramos"": 2418}"
SKU00015,4,Juego de Llaves de Acero Bosch,"Juego de llaves Bosch fabricado en acero con tratamiento pavonado. Esencial para trabajos de mecánica y mantenimiento general, ofreciendo un agarre seguro.",152.69,Bosch,"{""rosca"": ""UNC"", ""material"": ""Acero"", ""recubrimiento"": ""Pavonado"", ""peso_gramos"": 2760}"
SKU00016,1,Tornillos de Latón UNF Einhell,"Tornillo especializado Einhell con rosca tipo unf. Hecho de latón para una máxima durabilidad y con un acabado zincado para una excelente protección contra la corrosión.",159.57,Einhell,"{""rosca"": ""UNF"", ""material"": ""Latón"", ""recubrimiento"": ""Zincado"", ""peso_gramos"": 3094}"
SKU00017,4,Adhesivo de Montaje Makita,"Adhesivo de montaje Makita con agarre inicial inmediato. Fuerte y versátil, ideal para pegar materiales como madera, metal, cerámica y plástico sin necesidad de clavos.",157.41,Makita,"{""rosca"": ""UNC"", ""material"": ""Latón"", ""recubrimiento"": ""Pavonado"", ""peso_gramos"": 1709}"
SKU00018,9,Llave Métrica de Aluminio Einhell,"Llave combinada Einhell, forjada en aluminio de alta resistencia. Cuenta con un acabado zincado que protege contra el óxido y garantiza una larga vida útil.",173.75,Einhell,"{""rosca"": ""Métrica"", ""material"": ""Aluminio"", ""recubrimiento"": ""Zincado"", ""peso_gramos"": 2367}"
SKU00019,25,Mini Amoladora Makita,"Mini amoladora Makita, perfecta para trabajos de precisión. Fabricada en plástico reforzado y con un acabado protector galvanizado, ofrece fiabilidad y un manejo cómodo para acabados detallados.",151.32,Makita,"{""rosca"": ""Whitworth"", ""material"": ""Plástico reforzado"", ""recubrimiento"": ""Galvanizado"", ""peso_gramos"": 581}"
SKU00020,28,Guantes de Seguridad Bosch,"Guantes de seguridad Bosch diseñados para una protección superior. Ofrecen un excelente agarre y resistencia a la abrasión, ideales para construcción o jardinería.",241.23,Bosch,"{""rosca"": ""UNC"", ""material"": ""Latón"", ""recubrimiento"": ""Pavonado"", ""peso_gramos"": 3207}"
SKU00021,32,Adhesivo Profesional Bosch,"Adhesivo de montaje Bosch con agarre inicial inmediato. Fuerte y versátil, ideal para pegar materiales como madera, metal, cerámica y plástico sin necesidad de clavos.",169.86,Bosch,"{""rosca"": ""Métrica"", ""material"": ""Aluminio"", ""recubrimiento"": ""Pavonado"", ""peso_gramos"": 2286}"
SKU00022,13,Pegamento Universal Stanley,"Pegamento universal Stanley de secado rápido y transparente. Proporciona una unión fuerte y duradera en segundos, indispensable en cualquier caja de herramientas.",58.41,Stanley,"{""rosca"": ""Trapezoidal"", ""material"": ""Aluminio"", ""recubrimiento"": ""Galvanizado"", ""peso_gramos"": 3779}"
SKU00023,20,Guantes de Trabajo Stanley,"Guantes de trabajo multiusos Stanley. Cómodos, flexibles y duraderos, proporcionan la protección necesaria para la manipulación segura de herramientas y materiales.",222.06,Stanley,"{""rosca"": ""UNF"", ""material"": ""Titanio"", ""recubrimiento"": ""Zincado"", ""peso_gramos"": 4113}"
SKU00024,23,Pack de Tornillos de Latón Makita,"Paquete de tornillos Makita de alta resistencia. Fabricados en latón con un recubrimiento sin recubrimiento, son ideales para fijaciones seguras en todo tipo de proyectos.",196.47,Makita,"{""rosca"": ""UNF"", ""material"": ""Latón"", ""recubrimiento"": ""Sin recubrimiento"", ""peso_gramos"": 648}"
SKU00025,18,Guantes Multiusos Makita,"Guantes de trabajo multiusos Makita. Cómodos, flexibles y duraderos, proporcionan la protección necesaria para la manipulación segura de herramientas y materiales.",123.98,Makita,"{""rosca"": ""Métrica"", ""material"": ""Acero"", ""recubrimiento"": ""Pavonado"", ""peso_gramos"": 3278}"
SKU00026,32,Amoladora Angular Bosch Pro,"Amoladora angular profesional Bosch. Su diseño ergonómico y su peso de 2.59 kg permiten un control preciso en trabajos de corte y desbaste. Construida con aluminio de alta resistencia.",29.31,Bosch,"{""rosca"": ""Whitworth"", ""material"": ""Aluminio"", ""recubrimiento"": ""Zincado"", ""peso_gramos"": 2586}"
SKU00027,9,Mini Amoladora Facom,"Mini amoladora Facom, perfecta para trabajos de precisión. Fabricada en plástico reforzado y con un acabado protector pavonado, ofrece fiabilidad y un manejo cómodo para acabados detallados.",146.2,Facom,"{""rosca"": ""Whitworth"", ""material"": ""Plástico reforzado"", ""recubrimiento"": ""Pavonado"", ""peso_gramos"": 4836}"
SKU00028,15,Taladro Inalámbrico Bosch,"Taladro inalámbrico Bosch de alto rendimiento. Su construcción en acero garantiza durabilidad, mientras que su diseño ergonómico facilita el trabajo en lugares de difícil acceso.",47.35,Bosch,"{""rosca"": ""UNF"", ""material"": ""Acero"", ""recubrimiento"": ""Sin recubrimiento"", ""peso_gramos"": 2201}"
SKU00029,9,Guantes de Protección Bahco,"Guantes de seguridad Bahco diseñados para una protección superior. Ofrecen un excelente agarre y resistencia a la abrasión, ideales para construcción o jardinería.",3.47,Bahco,"{""rosca"": ""UNC"", ""material"": ""Plástico reforzado"", ""recubrimiento"": ""Galvanizado"", ""peso_gramos"": 675}"
SKU00030,29,Taladro Percutor de Titanio Makita,"Potente taladro percutor de la marca Makita. Diseñado con una robusta carcasa de titanio y un acabado pavonado para máxima durabilidad. Ideal para perforaciones precisas.",217.88,Makita,"{""rosca"": ""Métrica"", ""material"": ""Titanio"", ""recubrimiento"": ""Pavonado"", ""peso_gramos"": 2646}"
SKU00031,11,Adhesivo Universal Facom,"Pegamento universal Facom de secado rápido y transparente. Proporciona una unión fuerte y duradera en segundos, indispensable en cualquier caja de herramientas.",98.69,Facom,"{""rosca"": ""Métrica"", ""material"": ""Latón"", ""recubrimiento"": ""Pavonado"", ""peso_gramos"": 838}"
SKU00032,11,Tornillos UNC de Plástico Bosch,"Paquete de tornillos Bosch de alta resistencia. Fabricados en plástico reforzado con un recubrimiento galvanizado, son ideales para fijaciones seguras en todo tipo de proyectos.",99.42,Bosch,"{""rosca"": ""UNC"", ""material"": ""Plástico reforzado"", ""recubrimiento"": ""Galvanizado"", ""peso_gramos"": 810}"
SKU00033,7,Adhesivo de Montaje Facom,"Adhesivo de montaje Facom con agarre inicial inmediato. Fuerte y versátil, ideal para pegar materiales como madera, metal, cerámica y plástico sin necesidad de clavos.",163.48,Facom,"{""rosca"": ""UNC"", ""material"": ""Plástico reforzado"", ""recubrimiento"": ""Sin recubrimiento"", ""peso_gramos"": 725}"
SKU00034,14,Pintura para Metales DeWalt,"Esmalte sintético DeWalt de alta resistencia. Proporciona una capa protectora duradera contra el desgaste, perfecta para metales y maderas.",59.83,DeWalt,"{""rosca"": ""Whitworth"", ""material"": ""Titanio"", ""recubrimiento"": ""Zincado"", ""peso_gramos"": 517}"
SKU00035,5,Juego de Llaves de Titanio Facom,"Juego de llaves Facom fabricado en titanio con tratamiento sin recubrimiento. Esencial para trabajos de mecánica y mantenimiento general, ofreciendo un agarre seguro.",157.15,Facom,"{""rosca"": ""UNC"", ""material"": ""Titanio"", ""recubrimiento"": ""Sin recubrimiento"", ""peso_gramos"": 4168}"
SKU00036,12,Esmalte Protector Einhell,"Esmalte sintético Einhell de alta resistencia. Proporciona una capa protectora duradera contra el desgaste, perfecta para metales y maderas.",190.08,Einhell,"{""rosca"": ""UNF"", ""material"": ""Acero"", ""recubrimiento"": ""Pavonado"", ""peso_gramos"": 3090}"
SKU00037,32,Taladro Inalámbrico Facom Pro,"Taladro inalámbrico Facom de alto rendimiento. Su construcción en titanio y su peso de 3.57 kg garantizan durabilidad y un manejo cómodo en lugares de difícil acceso.",125.23,Facom,"{""rosca"": ""Trapezoidal"", ""material"": ""Titanio"", ""recubrimiento"": ""Galvanizado"", ""peso_gramos"": 3566}"
SKU00038,31,Adhesivo Fuerte Stanley,"Adhesivo de montaje Stanley con agarre inicial inmediato. Fuerte y versátil, ideal para pegar materiales como madera, metal, cerámica y plástico sin necesidad de clavos.",189.1,Stanley,"{""rosca"": ""Trapezoidal"", ""material"": ""Plástico reforzado"", ""recubrimiento"": ""Pavonado"", ""peso_gramos"": 2587}"
SKU00039,16,Llave Combinada de Latón Einhell,"Llave combinada Einhell, forjada en latón de alta resistencia. Cuenta con un acabado sin recubrimiento que protege contra el óxido y garantiza una larga vida útil.",72.54,Einhell,"{""rosca"": ""Whitworth"", ""material"": ""Latón"", ""recubrimiento"": ""Sin recubrimiento"", ""peso_gramos"": 1914}"
SKU00040,28,Guantes Multiusos Hilti,"Guantes de trabajo multiusos Hilti. Cómodos, flexibles y duraderos, proporcionan la protección necesaria para la manipulación segura de herramientas y materiales.",206.37,Hilti,"{""rosca"": ""UNC"", ""material"": ""Acero"", ""recubrimiento"": ""Sin recubrimiento"", ""peso_gramos"": 3044}"
SKU00041,26,Pegamento Universal Makita,"Pegamento universal Makita de secado rápido y transparente. Proporciona una unión fuerte y duradera en segundos, indispensable en cualquier caja de herramientas.",161.69,Makita,"{""rosca"": ""UNC"", ""material"": ""Latón"", ""recubrimiento"": ""Sin recubrimiento"", ""peso_gramos"": 3490}"
SKU00042,19,Amoladora de Titanio Einhell,"Amoladora angular profesional Einhell. Su diseño ergonómico y su peso de 3.66 kg permiten un control preciso en trabajos de corte y desbaste. Construida con titanio de alta resistencia.",205.55,Einhell,"{""rosca"": ""UNC"", ""material"": ""Titanio"", ""recubrimiento"": ""Zincado"", ""peso_gramos"": 3660}"
SKU00043,2,Taladro Compacto Einhell,"Taladro inalámbrico Einhell de alto rendimiento. Su construcción en aluminio y su peso de 2.44 kg garantizan durabilidad y un manejo cómodo en lugares de difícil acceso.",46.46,Einhell,"{""rosca"": ""Trapezoidal"", ""material"": ""Aluminio"", ""recubrimiento"": ""Sin recubrimiento"", ""peso_gramos"": 2442}"
SKU00044,17,Pintura para Madera DeWalt,"Esmalte sintético DeWalt de alta resistencia. Proporciona una capa protectora duradera contra el desgaste, perfecta para metales y maderas.",84.79,DeWalt,"{""rosca"": ""Trapezoidal"", ""material"": ""Plástico reforzado"", ""recubrimiento"": ""Pavonado"", ""peso_gramos"": 3041}"
SKU00045,14,Taladro de Precisión Bahco,"Taladro inalámbrico Bahco de alto rendimiento. Su construcción en latón y su peso de 0.67 kg garantizan durabilidad y un manejo cómodo en lugares de difícil acceso.",16.32,Bahco,"{""rosca"": ""UNC"", ""material"": ""Latón"", ""recubrimiento"": ""Zincado"", ""peso_gramos"": 674}"
SKU00046,26,Adhesivo Industrial Hilti,"Adhesivo de montaje Hilti con agarre inicial inmediato. Fuerte y versátil, ideal para pegar materiales como madera, metal, cerámica y plástico sin necesidad de clavos.",166.44,Hilti,"{""rosca"": ""UNF"", ""material"": ""Plástico reforzado"", ""recubrimiento"": ""Galvanizado"", ""peso_gramos"": 2203}"
SKU00047,18,Mini Amoladora de Titanio Bosch,"Mini amoladora Bosch, perfecta para trabajos de precisión. Fabricada en titanio y con un acabado protector galvanizado, ofrece fiabilidad y un manejo cómodo para acabados detallados.",248.09,Bosch,"{""rosca"": ""Whitworth"", ""material"": ""Titanio"", ""recubrimiento"": ""Galvanizado"", ""peso_gramos"": 1288}"
SKU00048,21,Adhesivo Universal DeWalt,"Pegamento universal DeWalt de secado rápido y transparente. Proporciona una unión fuerte y duradera en segundos, indispensable en cualquier caja de herramientas.",88.54,DeWalt,"{""rosca"": ""Whitworth"", ""material"": ""Aluminio"", ""recubrimiento"": ""Sin recubrimiento"", ""peso_gramos"": 3873}"
SKU00049,8,Tornillos Métricos Makita,"Paquete de tornillos Makita de alta resistencia. Fabricados en plástico reforzado con un recubrimiento galvanizado, son ideales para fijaciones seguras en todo tipo de proyectos.",176.32,Makita,"{""rosca"": ""Métrica"", ""material"": ""Plástico reforzado"", ""recubrimiento"": ""Galvanizado"", ""peso_gramos"": 3954}"
SKU00050,19,Adhesivo de Montaje Einhell,"Adhesivo de montaje Einhell con agarre inicial inmediato. Fuerte y versátil, ideal para pegar materiales como madera, metal, cerámica y plástico sin necesidad de clavos.",115.47,Einhell,"{""rosca"": ""Trapezoidal"", ""material"": ""Aluminio"", ""recubrimiento"": ""Galvanizado"", ""peso_gramos"": 466}"
SKU00051,28,Llave Ajustable Facom,"Llave combinada Facom, forjada en plástico reforzado de alta resistencia. Cuenta con un acabado sin recubrimiento que protege contra el óxido y garantiza una larga vida útil.",68.67,Facom,"{""rosca"": ""UNF"", ""material"": ""Plástico reforzado"", ""recubrimiento"": ""Sin recubrimiento"", ""peso_gramos"": 4874}"
SKU00052,3,Juego de Llaves de Titanio Einhell,"Juego de llaves Einhell fabricado en titanio con tratamiento pavonado. Esencial para trabajos de mecánica y mantenimiento general, ofreciendo un agarre seguro.",165.42,Einhell,"{""rosca"": ""Trapezoidal"", ""material"": ""Titanio"", ""recubrimiento"": ""Pavonado"", ""peso_gramos"": 4797}"
SKU00053,23,Amoladora de Acero Hilti,"Amoladora angular profesional Hilti. Su diseño ergonómico y su peso de 1.66 kg permiten un control preciso en trabajos de corte y desbaste. Construida con acero de alta resistencia.",76.4,Hilti,"{""rosca"": ""Whitworth"", ""material"": ""Acero"", ""recubrimiento"": ""Zincado"", ""peso_gramos"": 1657}"
SKU00054,5,Guantes de Trabajo Bahco,"Guantes de trabajo multiusos Bahco. Cómodos, flexibles y duraderos, proporcionan la protección necesaria para la manipulación segura de herramientas y materiales.",113.85,Bahco,"{""rosca"": ""Métrica"", ""material"": ""Aluminio"", ""recubrimiento"": ""Pavonado"", ""peso_gramos"": 1526}"
SKU00055,3,Taladro Inalámbrico Einhell,"Taladro inalámbrico Einhell de alto rendimiento. Su construcción en acero y su peso de 2.34 kg garantizan durabilidad y un manejo cómodo en lugares de difícil acceso.",156.87,Einhell,"{""rosca"": ""Métrica"", ""material"": ""Acero"", ""recubrimiento"": ""Pavonado"", ""peso_gramos"": 2339}"
SKU00056,28,Pegamento Instantáneo Facom,"Pegamento universal Facom de secado rápido y transparente. Proporciona una unión fuerte y duradera en segundos, indispensable en cualquier caja de herramientas.",193.64,Facom,"{""rosca"": ""Trapezoidal"", ""material"": ""Plástico reforzado"", ""recubrimiento"": ""Pavonado"", ""peso_gramos"": 287}"
SKU00057,23,Pack de Tornillos de Acero Stanley,"Paquete de tornillos Stanley de alta resistencia. Fabricados en acero con un recubrimiento zincado, son ideales para fijaciones seguras en todo tipo de proyectos.",220.86,Stanley,"{""rosca"": ""Whitworth"", ""material"": ""Acero"", ""recubrimiento"": ""Zincado"", ""peso_gramos"": 1099}"
SKU00058,5,Amoladora Profesional DeWalt,"Amoladora angular profesional DeWalt. Su diseño ergonómico y su peso de 3.69 kg permiten un control preciso en trabajos de corte y desbaste. Construida con plástico reforzado de alta resistencia.",216.59,DeWalt,"{""rosca"": ""UNF"", ""material"": ""Plástico reforzado"", ""recubrimiento"": ""Sin recubrimiento"", ""peso_gramos"": 3687}"
SKU00059,9,Tornillos de Latón Whitworth Facom,"Tornillo especializado Facom con rosca tipo whitworth. Hecho de latón para una máxima durabilidad y con un acabado sin recubrimiento para una excelente protección contra la corrosión.",101.05,Facom,"{""rosca"": ""Whitworth"", ""material"": ""Latón"", ""recubrimiento"": ""Sin recubrimiento"", ""peso_gramos"": 753}"
SKU00060,15,Mini Amoladora de Titanio Makita,"Mini amoladora Makita, perfecta para trabajos de precisión. Fabricada en titanio y con un acabado protector galvanizado, ofrece fiabilidad y un manejo cómodo para acabados detallados.",229.45,Makita,"{""rosca"": ""UNC"", ""material"": ""Titanio"", ""recubrimiento"": ""Galvanizado"", ""peso_gramos"": 121}"
SKU00061,27,Guantes de Seguridad Bahco,"Guantes de seguridad Bahco diseñados para una protección superior. Ofrecen un excelente agarre y resistencia a la abrasión, ideales para construcción o jardinería.",76.43,Bahco,"{""rosca"": ""UNC"", ""material"": ""Titanio"", ""recubrimiento"": ""Pavonado"", ""peso_gramos"": 2562}"
SKU00062,2,Juego de Llaves de Aluminio DeWalt,"Juego de llaves DeWalt fabricado en aluminio con tratamiento sin recubrimiento. Esencial para trabajos de mecánica y mantenimiento general, ofreciendo un agarre seguro.",109.24,DeWalt,"{""rosca"": ""Whitworth"", ""material"": ""Aluminio"", ""recubrimiento"": ""Sin recubrimiento"", ""peso_gramos"": 2879}"
SKU00063,7,Pintura Multisuperficie Hilti,"Pintura acrílica Hilti de excelente cubrimiento y durabilidad. Ideal para proyectos de interior y exterior, ofreciendo un acabado profesional y resistente.",137.46,Hilti,"{""rosca"": ""Métrica"", ""material"": ""Plástico reforzado"", ""recubrimiento"": ""Galvanizado"", ""peso_gramos"": 1297}"
SKU00064,1,Pack de Tornillos UNC Hilti,"Paquete de tornillos Hilti de alta resistencia. Fabricados en aluminio con un recubrimiento pavonado, son ideales para fijaciones seguras en todo tipo de proyectos.",35.93,Hilti,"{""rosca"": ""UNC"", ""material"": ""Aluminio"", ""recubrimiento"": ""Pavonado"", ""peso_gramos"": 4807}"
SKU00065,9,Llave de Titanio Bahco,"Llave combinada Bahco, forjada en titanio de alta resistencia. Cuenta con un acabado sin recubrimiento que protege contra el óxido y garantiza una larga vida útil.",107.61,Bahco,"{""rosca"": ""Whitworth"", ""material"": ""Titanio"", ""recubrimiento"": ""Sin recubrimiento"", ""peso_gramos"": 2883}"
SKU00066,21,Esmalte Anticorrosivo Facom,"Esmalte sintético Facom de alta resistencia. Proporciona una capa protectora duradera contra el desgaste, perfecta para metales y maderas.",52.6,Facom,"{""rosca"": ""UNC"", ""material"": ""Acero"", ""recubrimiento"": ""Zincado"", ""peso_gramos"": 1759}"
SKU00067,26,Juego de Llaves DeWalt Pro,"Juego de llaves DeWalt fabricado en acero con tratamiento pavonado. Esencial para trabajos de mecánica y mantenimiento general, ofreciendo un agarre seguro.",234.35,DeWalt,"{""rosca"": ""Trapezoidal"", ""material"": ""Acero"", ""recubrimiento"": ""Pavonado"", ""peso_gramos"": 492}"
SKU00068,31,Guantes de Protección de Titanio Makita,"Guantes de seguridad Makita diseñados para una protección superior. Ofrecen un excelente agarre y resistencia a la abrasión, ideales para construcción o jardinería.",170.48,Makita,"{""rosca"": ""Whitworth"", ""material"": ""Titanio"", ""recubrimiento"": ""Pavonado"", ""peso_gramos"": 2681}"
SKU00069,12,Llave de Vaso Bosch,"Juego de llaves Bosch fabricado en plástico reforzado con tratamiento galvanizado. Esencial para trabajos de mecánica y mantenimiento general, ofreciendo un agarre seguro.",51.35,Bosch,"{""rosca"": ""UNF"", ""material"": ""Plástico reforzado"", ""recubrimiento"": ""Galvanizado"", ""peso_gramos"": 1729}"
SKU00070,18,Taladro Inalámbrico de Aluminio Stanley,"Taladro inalámbrico Stanley de alto rendimiento. Su construcción en aluminio garantiza durabilidad, mientras que su diseño ergonómico facilita el trabajo en lugares de difícil acceso.",121.53,Stanley,"{""rosca"": ""UNF"", ""material"": ""Aluminio"", ""recubrimiento"": ""Sin recubrimiento"", ""peso_gramos"": 3194}"
SKU00071,11,Adhesivo de Montaje Bahco,"Adhesivo de montaje Bahco con agarre inicial inmediato. Fuerte y versátil, ideal para pegar materiales como madera, metal, cerámica y plástico sin necesidad de clavos.",118.05,Bahco,"{""rosca"": ""UNC"", ""material"": ""Acero"", ""recubrimiento"": ""Pavonado"", ""peso_gramos"": 3463}"
SKU00072,15,Pintura para Exteriores Makita,"Esmalte sintético Makita de alta resistencia. Proporciona una capa protectora duradera contra el desgaste, perfecta para metales y maderas.",61.37,Makita,"{""rosca"": ""Whitworth"", ""material"": ""Aluminio"", ""recubrimiento"": ""Sin recubrimiento"", ""peso_gramos"": 750}"
SKU00073,8,Taladro Percutor de Titanio Bosch,"Potente taladro percutor de la marca Bosch. Diseñado con una robusta carcasa de titanio y un acabado pavonado para máxima durabilidad. Ideal para perforaciones precisas.",106.69,Bosch,"{""rosca"": ""Whitworth"", ""material"": ""Titanio"", ""recubrimiento"": ""Pavonado"", ""peso_gramos"": 1407}"
SKU00074,31,Amoladora de Acero Bahco,"Amoladora angular profesional Bahco. Su diseño ergonómico y su peso de 0.98 kg permiten un control preciso en trabajos de corte y desbaste. Construida con acero de alta resistencia.",12.78,Bahco,"{""rosca"": ""UNF"", ""material"": ""Acero"", ""recubrimiento"": ""Pavonado"", ""peso_gramos"": 983}"
SKU00075,23,Juego de Llaves Makita,"Juego de llaves Makita fabricado en plástico reforzado con tratamiento pavonado. Esencial para trabajos de mecánica y mantenimiento general, ofreciendo un agarre seguro.",225.79,Makita,"{""rosca"": ""UNF"", ""material"": ""Plástico reforzado"", ""recubrimiento"": ""Pavonado"", ""peso_gramos"": 4218}"
SKU00076,28,Mini Amoladora de Latón Facom,"Mini amoladora Facom, perfecta para trabajos de precisión. Fabricada en latón y con un acabado protector galvanizado, ofrece fiabilidad y un manejo cómodo para acabados detallados.",41.14,Facom,"{""rosca"": ""UNC"", ""material"": ""Latón"", ""recubrimiento"": ""Galvanizado"", ""peso_gramos"": 430}"
SKU00077,24,Taladro Compacto Bosch,"Taladro inalámbrico Bosch de alto rendimiento. Su construcción en plástico reforzado y su peso de 2.71 kg garantizan durabilidad y un manejo cómodo en lugares de difícil acceso.",33.61,Bosch,"{""rosca"": ""UNC"", ""material"": ""Plástico reforzado"", ""recubrimiento"": ""Galvanizado"", ""peso_gramos"": 2712}"
SKU00078,25,Amoladora Angular de Latón Bahco,"Amoladora angular profesional Bahco. Su diseño ergonómico y su peso de 2.54 kg permiten un control preciso en trabajos de corte y desbaste. Construida con latón de alta resistencia.",210.3,Bahco,"{""rosca"": ""UNF"", ""material"": ""Latón"", ""recubrimiento"": ""Pavonado"", ""peso_gramos"": 2538}"
SKU00079,21,Taladro Percutor de Aluminio Bahco,"Potente taladro percutor de la marca Bahco. Diseñado con una robusta carcasa de aluminio y un acabado zincado para máxima durabilidad. Ideal para perforaciones precisas.",87.94,Bahco,"{""rosca"": ""Trapezoidal"", ""material"": ""Aluminio"", ""recubrimiento"": ""Zincado"", ""peso_gramos"": 3332}"
SKU00080,12,Adhesivo Fuerte Einhell,"Adhesivo de montaje Einhell con agarre inicial inmediato. Fuerte y versátil, ideal para pegar materiales como madera, metal, cerámica y plástico sin necesidad de clavos.",215.16,Einhell,"{""rosca"": ""UNC"", ""material"": ""Latón"", ""recubrimiento"": ""Pavonado"", ""peso_gramos"": 3737}"
SKU00081,17,Guantes Multiusos Facom,"Guantes de trabajo multiusos Facom. Cómodos, flexibles y duraderos, proporcionan la protección necesaria para la manipulación segura de herramientas y materiales.",36.28,Facom,"{""rosca"": ""Whitworth"", ""material"": ""Plástico reforzado"", ""recubrimiento"": ""Galvanizado"", ""peso_gramos"": 1808}"
SKU00082,23,Pegamento Universal Facom,"Pegamento universal Facom de secado rápido y transparente. Proporciona una unión fuerte y duradera en segundos, indispensable en cualquier caja de herramientas.",56.72,Facom,"{""rosca"": ""Métrica"", ""material"": ""Latón"", ""recubrimiento"": ""Zincado"", ""peso_gramos"": 2429}"
SKU00083,32,Taladro de Titanio Facom,"Taladro inalámbrico Facom de alto rendimiento. Su construcción en titanio y su peso de 1.79 kg garantizan durabilidad y un manejo cómodo en lugares de difícil acceso.",103.14,Facom,"{""rosca"": ""Trapezoidal"", ""material"": ""Titanio"", ""recubrimiento"": ""Sin recubrimiento"", ""peso_gramos"": 1794}"
SKU00084,15,Taladro Percutor de Acero Bosch,"Taladro percutor profesional de la marca Bosch. Diseñado con una robusta carcasa de acero y un acabado galvanizado para máxima durabilidad. Ideal para perforaciones precisas.",96.51,Bosch,"{""rosca"": ""UNF"", ""material"": ""Acero"", ""recubrimiento"": ""Galvanizado"", ""peso_gramos"": 2582}"
SKU00085,2,Guantes de Seguridad Einhell,"Guantes de seguridad Einhell diseñados para una protección superior. Ofrecen un excelente agarre y resistencia a la abrasión, ideales para construcción o jardinería.",34.25,Einhell,"{""rosca"": ""Trapezoidal"", ""material"": ""Titanio"", ""recubrimiento"": ""Zincado"", ""peso_gramos"": 2892}"
SKU00086,12,Pack de Tornillos UNF Makita,"Paquete de tornillos Makita de alta resistencia. Fabricados en aluminio con un recubrimiento galvanizado, son ideales para fijaciones seguras en todo tipo de proyectos.",143.08,Makita,"{""rosca"": ""UNF"", ""material"": ""Aluminio"", ""recubrimiento"": ""Galvanizado"", ""peso_gramos"": 1731}"
SKU00087,14,Adhesivo de Montaje Makita,"Adhesivo de montaje Makita con agarre inicial inmediato. Fuerte y versátil, ideal para pegar materiales como madera, metal, cerámica y plástico sin necesidad de clavos.",202.97,Makita,"{""rosca"": ""Whitworth"", ""material"": ""Plástico reforzado"", ""recubrimiento"": ""Zincado"", ""peso_gramos"": 4256}"
SKU00088,19,Llave de Latón Stanley,"Llave combinada Stanley, forjada en latón de alta resistencia. Cuenta con un acabado zincado que protege contra el óxido y garantiza una larga vida útil.",46.74,Stanley,"{""rosca"": ""Whitworth"", ""material"": ""Latón"", ""recubrimiento"": ""Zincado"", ""peso_gramos"": 2567}"
SKU00089,4,Juego de Llaves de Titanio Bosch,"Juego de llaves Bosch fabricado en titanio con tratamiento pavonado. Esencial para trabajos de mecánica y mantenimiento general, ofreciendo un agarre seguro.",93.02,Bosch,"{""rosca"": ""Whitworth"", ""material"": ""Titanio"", ""recubrimiento"": ""Pavonado"", ""peso_gramos"": 1611}"
SKU00090,1,Adhesivo Universal Stanley,"Pegamento universal Stanley de secado rápido y transparente. Proporciona una unión fuerte y duradera en segundos, indispensable en cualquier caja de herramientas.",71.15,Stanley,"{""rosca"": ""UNF"", ""material"": ""Aluminio"", ""recubrimiento"": ""Pavonado"", ""peso_gramos"": 2816}"
SKU00091,15,Taladro Inalámbrico Hilti,"Taladro inalámbrico Hilti de alto rendimiento. Su construcción en aluminio y su peso de 1.82 kg garantizan durabilidad y un manejo cómodo en lugares de difícil acceso.",249.87,Hilti,"{""rosca"": ""Métrica"", ""material"": ""Aluminio"", ""recubrimiento"": ""Pavonado"", ""peso_gramos"": 1820}"
SKU00092,28,Juego de Llaves de Latón Facom,"Juego de llaves Facom fabricado en latón con tratamiento sin recubrimiento. Esencial para trabajos de mecánica y mantenimiento general, ofreciendo un agarre seguro.",97.87,Facom,"{""rosca"": ""Whitworth"", ""material"": ""Latón"", ""recubrimiento"": ""Sin recubrimiento"", ""peso_gramos"": 2813}"
SKU00093,7,Esmalte para Exteriores Bahco,"Esmalte sintético Bahco de alta resistencia. Proporciona una capa protectora duradera contra el desgaste, perfecta para metales y maderas.",193.7,Bahco,"{""rosca"": ""Trapezoidal"", ""material"": ""Aluminio"", ""recubrimiento"": ""Pavonado"", ""peso_gramos"": 768}"
SKU00094,10,Guantes Multiusos Facom,"Guantes de trabajo multiusos Facom. Cómodos, flexibles y duraderos, proporcionan la protección necesaria para la manipulación segura de herramientas y materiales.",155.64,Facom,"{""rosca"": ""Whitworth"", ""material"": ""Plástico reforzado"", ""recubrimiento"": ""Pavonado"", ""peso_gramos"": 2042}"
SKU00095,30,Tornillos Whitworth de Latón Bosch,"Tornillo especializado Bosch con rosca tipo whitworth. Hecho de latón para una máxima durabilidad y con un acabado pavonado para una excelente protección contra la corrosión.",16.13,Bosch,"{""rosca"": ""Whitworth"", ""material"": ""Latón"", ""recubrimiento"": ""Pavonado"", ""peso_gramos"": 3778}"
SKU00096,9,Guantes de Trabajo Facom,"Guantes de seguridad Facom diseñados para una protección superior. Ofrecen un excelente agarre y resistencia a la abrasión, ideales para construcción o jardinería.",201.0,Facom,"{""rosca"": ""UNC"", ""material"": ""Aluminio"", ""recubrimiento"": ""Zincado"", ""peso_gramos"": 1673}"
SKU00097,3,Pack de Tornillos de Latón Facom,"Paquete de tornillos Facom de alta resistencia. Fabricados en latón con un recubrimiento pavonado, son ideales para fijaciones seguras en todo tipo de proyectos.",91.03,Facom,"{""rosca"": ""UNF"", ""material"": ""Latón"", ""recubrimiento"": ""Pavonado"", ""peso_gramos"": 4932}"
SKU00098,9,Adhesivo Profesional Hilti,"Adhesivo de montaje Hilti con agarre inicial inmediato. Fuerte y versátil, ideal para pegar materiales como madera, metal, cerámica y plástico sin necesidad de clavos.",47.18,Hilti,"{""rosca"": ""Métrica"", ""material"": ""Aluminio"", ""recubrimiento"": ""Zincado"", ""peso_gramos"": 1487}"
SKU00099,16,Pintura Multiuso Einhell,"Pintura acrílica Einhell de excelente cubrimiento y durabilidad. Ideal para proyectos de interior y exterior, ofreciendo un acabado profesional y resistente.",19.14,Einhell,"{""rosca"": ""UNC"", ""material"": ""Latón"", ""recubrimiento"": ""Sin recubrimiento"", ""peso_gramos"": 4142}"
SKU00100,31,Amoladora Profesional Bosch,"Amoladora angular profesional Bosch. Su diseño ergonómico y su peso de 4.65 kg permiten un control preciso en trabajos de corte y desbaste. Construida con aluminio de alta resistencia.",64.68,Bosch,"{""rosca"": ""UNF"", ""material"": ""Aluminio"", ""recubrimiento"": ""Sin recubrimiento"", ""peso_gramos"": 4647}"
SKU00101,18,Guantes Multiusos Hilti,"Guantes de trabajo multiusos Hilti. Cómodos, flexibles y duraderos, proporcionan la protección necesaria para la manipulación segura de herramientas y materiales.",112.36,Hilti,"{""rosca"": ""UNF"", ""material"": ""Aluminio"", ""recubrimiento"": ""Sin recubrimiento"", ""peso_gramos"": 2338}"
SKU00102,4,Adhesivo Fuerte DeWalt,"Adhesivo de montaje DeWalt con agarre inicial inmediato. Fuerte y versátil, ideal para pegar materiales como madera, metal, cerámica y plástico sin necesidad de clavos.",144.62,DeWalt,"{""rosca"": ""Whitworth"", ""material"": ""Plástico reforzado"", ""recubrimiento"": ""Zincado"", ""peso_gramos"": 4473}"
SKU00103,22,Pegamento Universal Bahco,"Pegamento universal Bahco de secado rápido y transparente. Proporciona una unión fuerte y duradera en segundos, indispensable en cualquier caja de herramientas.",147.52,Bahco,"{""rosca"": ""UNC"", ""material"": ""Aluminio"", ""recubrimiento"": ""Zincado"", ""peso_gramos"": 2020}"
SKU00104,18,Tornillos de Aluminio Einhell,"Tornillo especializado Einhell con rosca tipo trapezoidal. Hecho de aluminio para una máxima durabilidad y con un acabado galvanizado para una excelente protección contra la corrosión.",101.68,Einhell,"{""rosca"": ""Trapezoidal"", ""material"": ""Aluminio"", ""recubrimiento"": ""Galvanizado"", ""peso_gramos"": 3557}"
SKU00105,10,Adhesivo de Montaje Bahco,"Adhesivo de montaje Bahco con agarre inicial inmediato. Fuerte y versátil, ideal para pegar materiales como madera, metal, cerámica y plástico sin necesidad de clavos.",99.74,Bahco,"{""rosca"": ""UNF"", ""material"": ""Latón"", ""recubrimiento"": ""Galvanizado"", ""peso_gramos"": 1950}"
SKU00106,12,Mini Amoladora DeWalt,"Mini amoladora DeWalt, perfecta para trabajos de precisión. Fabricada en latón y con un acabado protector sin recubrimiento, ofrece fiabilidad y un manejo cómodo para acabados detallados.",82.76,DeWalt,"{""rosca"": ""Whitworth"", ""material"": ""Latón"", ""recubrimiento"": ""Sin recubrimiento"", ""peso_gramos"": 2706}"
SKU00107,30,Juego de Llaves de Titanio Bosch,"Juego de llaves Bosch fabricado en titanio con tratamiento pavonado. Esencial para trabajos de mecánica y mantenimiento general, ofreciendo un agarre seguro.",248.55,Bosch,"{""rosca"": ""Trapezoidal"", ""material"": ""Titanio"", ""recubrimiento"": ""Pavonado"", ""peso_gramos"": 111}"
SKU00108,27,Adhesivo Profesional Facom,"Adhesivo de montaje Facom con agarre inicial inmediato. Fuerte y versátil, ideal para pegar materiales como madera, metal, cerámica y plástico sin necesidad de clavos.",216.96,Facom,"{""rosca"": ""UNF"", ""material"": ""Titanio"", ""recubrimiento"": ""Sin recubrimiento"", ""peso_gramos"": 1041}"
SKU00109,21,Amoladora de Acero Bahco,"Amoladora angular profesional Bahco. Su diseño ergonómico y su peso de 4.34 kg permiten un control preciso en trabajos de corte y desbaste. Construida con acero de alta resistencia.",190.35,Bahco,"{""rosca"": ""UNF"", ""material"": ""Acero"", ""recubrimiento"": ""Sin recubrimiento"", ""peso_gramos"": 4339}"
SKU00110,23,Amoladora Profesional Hilti,"Amoladora angular profesional Hilti. Su diseño ergonómico y su peso de 1.19 kg permiten un control preciso en trabajos de corte y desbaste. Construida con acero de alta resistencia.",129.36,Hilti,"{""rosca"": ""UNC"", ""material"": ""Acero"", ""recubrimiento"": ""Galvanizado"", ""peso_gramos"": 1187}"
SKU00111,7,Guantes de Protección Bahco,"Guantes de seguridad Bahco diseñados para una protección superior. Ofrecen un excelente agarre y resistencia a la abrasión, ideales para construcción o jardinería.",154.14,Bahco,"{""rosca"": ""Trapezoidal"", ""material"": ""Plástico reforzado"", ""recubrimiento"": ""Galvanizado"", ""peso_gramos"": 4491}"
SKU00112,23,Esmalte Sintético Einhell,"Esmalte sintético Einhell de alta resistencia. Proporciona una capa protectora duradera contra el desgaste, perfecta para metales y maderas.",187.77,Einhell,"{""rosca"": ""Whitworth"", ""material"": ""Acero"", ""recubrimiento"": ""Sin recubrimiento"", ""peso_gramos"": 835}"
SKU00113,7,Amoladora Angular Stanley,"Amoladora angular profesional Stanley. Su diseño ergonómico y su peso de 3.04 kg permiten un control preciso en trabajos de corte y desbaste. Construida con aluminio de alta resistencia.",161.86,Stanley,"{""rosca"": ""Whitworth"", ""material"": ""Aluminio"", ""recubrimiento"": ""Zincado"", ""peso_gramos"": 3044}"
SKU00114,1,Pintura Acrílica Facom,"Pintura acrílica Facom de excelente cubrimiento y durabilidad. Ideal para proyectos de interior y exterior, ofreciendo un acabado profesional y resistente.",73.98,Facom,"{""rosca"": ""Whitworth"", ""material"": ""Plástico reforzado"", ""recubrimiento"": ""Galvanizado"", ""peso_gramos"": 3211}"
SKU00115,2,Guantes Multiusos Facom,"Guantes de trabajo multiusos Facom. Cómodos, flexibles y duraderos, proporcionan la protección necesaria para la manipulación segura de herramientas y materiales.",240.99,Facom,"{""rosca"": ""UNC"", ""material"": ""Plástico reforzado"", ""recubrimiento"": ""Pavonado"", ""peso_gramos"": 204}"
SKU00116,3,Pack de Tornillos UNF de Titanio Facom,"Paquete de tornillos Facom de alta resistencia. Fabricados en titanio con un recubrimiento zincado, son ideales para fijaciones seguras en todo tipo de proyectos.",184.01,Facom,"{""rosca"": ""UNF"", ""material"": ""Titanio"", ""recubrimiento"": ""Zincado"", ""peso_gramos"": 463}"
SKU00117,17,Adhesivo de Montaje Facom,"Adhesivo de montaje Facom con agarre inicial inmediato. Fuerte y versátil, ideal para pegar materiales como madera, metal, cerámica y plástico sin necesidad de clavos.",18.95,Facom,"{""rosca"": ""Trapezoidal"", ""material"": ""Titanio"", ""recubrimiento"": ""Pavonado"", ""peso_gramos"": 4834}"
SKU00118,5,Pintura para Metales de Titanio Bahco,"Esmalte sintético Bahco de alta resistencia. Proporciona una capa protectora duradera contra el desgaste, perfecta para metales y maderas.",109.01,Bahco,"{""rosca"": ""Trapezoidal"", ""material"": ""Titanio"", ""recubrimiento"": ""Pavonado"", ""peso_gramos"": 4904}"
SKU00119,8,Taladro Percutor Makita,"Potente taladro percutor de la marca Makita. Diseñado con una robusta carcasa de plástico reforzado y un acabado pavonado para máxima durabilidad. Ideal para perforaciones precisas.",243.82,Makita,"{""rosca"": ""Whitworth"", ""material"": ""Plástico reforzado"", ""recubrimiento"": ""Pavonado"", ""peso_gramos"": 3245}"
SKU00120,1,Guantes de Trabajo Bahco,"Guantes de trabajo multiusos Bahco. Cómodos, flexibles y duraderos, proporcionan la protección necesaria para la manipulación segura de herramientas y materiales.",240.67,Bahco,"{""rosca"": ""Trapezoidal"", ""material"": ""Plástico reforzado"", ""recubrimiento"": ""Sin recubrimiento"", ""peso_gramos"": 3828}"
SKU00121,4,Adhesivo Universal Makita,"Pegamento universal Makita de secado rápido y transparente. Proporciona una unión fuerte y duradera en segundos, indispensable en cualquier caja de herramientas.",62.26,Makita,"{""rosca"": ""Métrica"", ""material"": ""Aluminio"", ""recubrimiento"": ""Pavonado"", ""peso_gramos"": 1066}"
SKU00122,27,Adhesivo de Montaje DeWalt,"Adhesivo de montaje DeWalt con agarre inicial inmediato. Fuerte y versátil, ideal para pegar materiales como madera, metal, cerámica y plástico sin necesidad de clavos.",209.93,DeWalt,"{""rosca"": ""UNF"", ""material"": ""Acero"", ""recubrimiento"": ""Pavonado"", ""peso_gramos"": 294}"
SKU00123,5,Guantes de Seguridad Einhell,"Guantes de seguridad Einhell diseñados para una protección superior. Ofrecen un excelente agarre y resistencia a la abrasión, ideales para construcción o jardinería.",178.74,Einhell,"{""rosca"": ""Whitworth"", ""material"": ""Aluminio"", ""recubrimiento"": ""Galvanizado"", ""peso_gramos"": 3283}"
SKU00124,8,Tornillos Métricos de Titanio DeWalt,"Tornillo especializado DeWalt con rosca tipo métrica. Hecho de titanio para una máxima durabilidad y con un acabado galvanizado para una excelente protección contra la corrosión.",11.48,DeWalt,"{""rosca"": ""Métrica"", ""material"": ""Titanio"", ""recubrimiento"": ""Galvanizado"", ""peso_gramos"": 836}"
SKU00125,26,Tornillos UNC Einhell,"Tornillo especializado Einhell con rosca tipo unc. Hecho de plástico reforzado para una máxima durabilidad y con un acabado pavonado para una excelente protección contra la corrosión.",172.22,Einhell,"{""rosca"": ""UNC"", ""material"": ""Plástico reforzado"", ""recubrimiento"": ""Pavonado"", ""peso_gramos"": 1565}"
SKU00126,2,Pegamento Universal Hilti,"Pegamento universal Hilti de secado rápido y transparente. Proporciona una unión fuerte y duradera en segundos, indispensable en cualquier caja de herramientas.",69.12,Hilti,"{""rosca"": ""Métrica"", ""material"": ""Plástico reforzado"", ""recubrimiento"": ""Sin recubrimiento"", ""peso_gramos"": 1369}"
SKU00127,15,Pintura para Exteriores Hilti,"Esmalte sintético Hilti de alta resistencia. Proporciona una capa protectora duradera contra el desgaste, perfecta para metales y maderas.",12.72,Hilti,"{""rosca"": ""Trapezoidal"", ""material"": ""Plástico reforzado"", ""recubrimiento"": ""Zincado"", ""peso_gramos"": 4616}"
SKU00128,29,Taladro Inalámbrico Bahco,"Taladro inalámbrico Bahco de alto rendimiento. Su construcción en plástico reforzado y su peso de 2.37 kg garantizan durabilidad y un manejo cómodo en lugares de difícil acceso.",134.26,Bahco,"{""rosca"": ""Trapezoidal"", ""material"": ""Plástico reforzado"", ""recubrimiento"": ""Galvanizado"", ""peso_gramos"": 2371}"
SKU00129,30,Pack de Tornillos de Titanio DeWalt,"Paquete de tornillos DeWalt de alta resistencia. Fabricados en titanio con un recubrimiento sin recubrimiento, son ideales para fijaciones seguras en todo tipo de proyectos.",1.9,DeWalt,"{""rosca"": ""Métrica"", ""material"": ""Titanio"", ""recubrimiento"": ""Sin recubrimiento"", ""peso_gramos"": 910}"
SKU00130,26,Juego de Llaves de Latón DeWalt,"Juego de llaves DeWalt fabricado en latón con tratamiento zincado. Esencial para trabajos de mecánica y mantenimiento general, ofreciendo un agarre seguro.",63.2,DeWalt,"{""rosca"": ""Whitworth"", ""material"": ""Latón"", ""recubrimiento"": ""Zincado"", ""peso_gramos"": 4248}"
SKU00131,11,Mini Amoladora de Titanio Facom,"Mini amoladora Facom, perfecta para trabajos de precisión. Fabricada en titanio y con un acabado protector galvanizado, ofrece fiabilidad y un manejo cómodo para acabados detallados.",131.17,Facom,"{""rosca"": ""Trapezoidal"", ""material"": ""Titanio"", ""recubrimiento"": ""Galvanizado"", ""peso_gramos"": 2392}"
SKU00132,26,Guantes de Protección Facom,"Guantes de seguridad Facom diseñados para una protección superior. Ofrecen un excelente agarre y resistencia a la abrasión, ideales para construcción o jardinería.",35.78,Facom,"{""rosca"": ""Whitworth"", ""material"": ""Aluminio"", ""recubrimiento"": ""Sin recubrimiento"", ""peso_gramos"": 973}"
SKU00133,19,Llave de Vaso Métrica Facom,"Llave combinada Facom, forjada en acero de alta resistencia. Cuenta con un acabado zincado que protege contra el óxido y garantiza una larga vida útil.",162.78,Facom,"{""rosca"": ""Métrica"", ""material"": ""Acero"", ""recubrimiento"": ""Zincado"", ""peso_gramos"": 127}"
SKU00134,28,Pintura para Metales Facom,"Pintura acrílica Facom de excelente cubrimiento y durabilidad. Ideal para proyectos de interior y exterior, ofreciendo un acabado profesional y resistente.",109.1,Facom,"{""rosca"": ""Whitworth"", ""material"": ""Acero"", ""recubrimiento"": ""Sin recubrimiento"", ""peso_gramos"": 4338}"
SKU00135,5,Taladro Percutor Hilti,"Potente taladro percutor de la marca Hilti. Diseñado con una robusta carcasa de aluminio y un acabado galvanizado para máxima durabilidad. Ideal para perforaciones precisas.",213.95,Hilti,"{""rosca"": ""Whitworth"", ""material"": ""Aluminio"", ""recubrimiento"": ""Galvanizado"", ""peso_gramos"": 1689}"
SKU00136,32,Esmalte para Exteriores Bahco,"Esmalte sintético Bahco de alta resistencia. Proporciona una capa protectora duradera contra el desgaste, perfecta para metales y maderas.",74.32,Bahco,"{""rosca"": ""Trapezoidal"", ""material"": ""Latón"", ""recubrimiento"": ""Galvanizado"", ""peso_gramos"": 3934}"
SKU00137,13,Pintura Acrílica Bosch,"Pintura acrílica Bosch de excelente cubrimiento y durabilidad. Ideal para proyectos de interior y exterior, ofreciendo un acabado profesional y resistente.",160.78,Bosch,"{""rosca"": ""Whitworth"", ""material"": ""Plástico reforzado"", ""recubrimiento"": ""Pavonado"", ""peso_gramos"": 3449}"
SKU00138,20,Pintura de Titanio Facom,"Esmalte sintético Facom de alta resistencia. Proporciona una capa protectora duradera contra el desgaste, perfecta para metales y maderas.",207.44,Facom,"{""rosca"": ""Whitworth"", ""material"": ""Titanio"", ""recubrimiento"": ""Sin recubrimiento"", ""peso_gramos"": 4677}"
SKU00139,17,Pintura para Plástico Facom,"Pintura acrílica Facom de excelente cubrimiento y durabilidad. Ideal para proyectos de interior y exterior, ofreciendo un acabado profesional y resistente.",80.65,Facom,"{""rosca"": ""Métrica"", ""material"": ""Plástico reforzado"", ""recubrimiento"": ""Pavonado"", ""peso_gramos"": 4403}"
SKU00140,24,Guantes de Trabajo Hilti,"Guantes de trabajo multiusos Hilti. Cómodos, flexibles y duraderos, proporcionan la protección necesaria para la manipulación segura de herramientas y materiales.",62.37,Hilti,"{""rosca"": ""Trapezoidal"", ""material"": ""Acero"", ""recubrimiento"": ""Zincado"", ""peso_gramos"": 483}"
SKU00141,26,Pintura Multiuso Einhell,"Esmalte sintético Einhell de alta resistencia. Proporciona una capa protectora duradera contra el desgaste, perfecta para metales y maderas.",17.09,Einhell,"{""rosca"": ""Whitworth"", ""material"": ""Aluminio"", ""recubrimiento"": ""Galvanizado"", ""peso_gramos"": 2971}"
SKU00142,21,Amoladora de Titanio Bahco,"Amoladora angular profesional Bahco. Su diseño ergonómico y su peso de 4.82 kg permiten un control preciso en trabajos de corte y desbaste. Construida con titanio de alta resistencia.",164.94,Bahco,"{""rosca"": ""UNF"", ""material"": ""Titanio"", ""recubrimiento"": ""Zincado"", ""peso_gramos"": 4816}"
SKU00143,2,Llave de Carraca Facom,"Llave combinada Facom, forjada en latón de alta resistencia. Cuenta con un acabado zincado que protege contra el óxido y garantiza una larga vida útil.",49.14,Facom,"{""rosca"": ""Trapezoidal"", ""material"": ""Latón"", ""recubrimiento"": ""Zincado"", ""peso_gramos"": 2409}"
SKU00144,7,Guantes de Protección Einhell,"Guantes de seguridad Einhell diseñados para una protección superior. Ofrecen un excelente agarre y resistencia a la abrasión, ideales para construcción o jardinería.",74.98,Einhell,"{""rosca"": ""UNC"", ""material"": ""Titanio"", ""recubrimiento"": ""Pavonado"", ""peso_gramos"": 2039}"
SKU00145,11,Amoladora Profesional Bosch,"Amoladora angular profesional Bosch. Su diseño ergonómico y su peso de 1.74 kg permiten un control preciso en trabajos de corte y desbaste. Construida con titanio de alta resistencia.",109.49,Bosch,"{""rosca"": ""Whitworth"", ""material"": ""Titanio"", ""recubrimiento"": ""Galvanizado"", ""peso_gramos"": 1735}"
SKU00146,26,Mini Amoladora de Aluminio Bahco,"Mini amoladora Bahco, perfecta para trabajos de precisión. Fabricada en aluminio y con un acabado protector pavonado, ofrece fiabilidad y un manejo cómodo para acabados detallados.",241.5,Bahco,"{""rosca"": ""Whitworth"", ""material"": ""Aluminio"", ""recubrimiento"": ""Pavonado"", ""peso_gramos"": 1276}"
SKU00147,5,Tornillos UNC para Plástico Facom,"Tornillo especializado Facom con rosca tipo unc. Hecho de plástico reforzado para una máxima durabilidad y con un acabado pavonado para una excelente protección contra la corrosión.",45.46,Facom,"{""rosca"": ""UNC"", ""material"": ""Plástico reforzado"", ""recubrimiento"": ""Pavonado"", ""peso_gramos"": 2480}"
SKU00148,31,Amoladora Compacta Hilti,"Mini amoladora Hilti, perfecta para trabajos de precisión. Fabricada en plástico reforzado y con un acabado protector zincado, ofrece fiabilidad y un manejo cómodo para acabados detallados.",99.22,Hilti,"{""rosca"": ""Métrica"", ""material"": ""Plástico reforzado"", ""recubrimiento"": ""Zincado"", ""peso_gramos"": 4938}"
SKU00149,28,Llave de Titanio Stanley,"Juego de llaves Stanley fabricado en titanio con tratamiento sin recubrimiento. Esencial para trabajos de mecánica y mantenimiento general, ofreciendo un agarre seguro.",86.45,Stanley,"{""rosca"": ""UNF"", ""material"": ""Titanio"", ""recubrimiento"": ""Sin recubrimiento"", ""peso_gramos"": 3219}"
SKU00150,14,Tornillos Métricos para Plástico Einhell,"Paquete de tornillos Einhell de alta resistencia. Fabricados en plástico reforzado con un recubrimiento pavonado, son ideales para fijaciones seguras en todo tipo de proyectos.",85.61,Einhell,"{""rosca"": ""Métrica"", ""material"": ""Plástico reforzado"", ""recubrimiento"": ""Pavonado"", ""peso_gramos"": 487}"
SKU00151,11,Amoladora de Latón Facom,"Amoladora angular profesional Facom. Su diseño ergonómico y su peso de 0.25 kg permiten un control preciso en trabajos de corte y desbaste. Construida con latón de alta resistencia.",50.49,Facom,"{""rosca"": ""Métrica"", ""material"": ""Latón"", ""recubrimiento"": ""Galvanizado"", ""peso_gramos"": 247}"
SKU00152,18,Taladro Inalámbrico de Titanio Bosch,"Taladro inalámbrico Bosch de alto rendimiento. Su construcción en titanio y su peso de 1.95 kg garantizan durabilidad y un manejo cómodo en lugares de difícil acceso.",157.81,Bosch,"{""rosca"": ""Whitworth"", ""material"": ""Titanio"", ""recubrimiento"": ""Pavonado"", ""peso_gramos"": 1949}"
SKU00153,25,Guantes de Trabajo de Latón Stanley,"Guantes de trabajo multiusos Stanley. Cómodos, flexibles y duraderos, proporcionan la protección necesaria para la manipulación segura de herramientas y materiales.",213.48,Stanley,"{""rosca"": ""Métrica"", ""material"": ""Latón"", ""recubrimiento"": ""Sin recubrimiento"", ""peso_gramos"": 4656}"
SKU00154,4,Guantes Multiusos Facom,"Guantes de trabajo multiusos Facom. Cómodos, flexibles y duraderos, proporcionan la protección necesaria para la manipulación segura de herramientas y materiales.",39.85,Facom,"{""rosca"": ""UNF"", ""material"": ""Plástico reforzado"", ""recubrimiento"": ""Zincado"", ""peso_gramos"": 874}"
SKU00155,10,Taladro Compacto de Aluminio Bahco,"Taladro compacto de la marca Bahco. Diseñado con una robusta carcasa de aluminio y un acabado zincado para máxima durabilidad. Ideal para perforaciones precisas.",138.38,Bahco,"{""rosca"": ""UNF"", ""material"": ""Aluminio"", ""recubrimiento"": ""Zincado"", ""peso_gramos"": 332}"
SKU00156,8,Tornillos UNC de Aluminio DeWalt,"Tornillo especializado DeWalt con rosca tipo unc. Hecho de aluminio para una máxima durabilidad y con un acabado zincado para una excelente protección contra la corrosión.",46.92,DeWalt,"{""rosca"": ""UNC"", ""material"": ""Aluminio"", ""recubrimiento"": ""Zincado"", ""peso_gramos"": 4124}"
SKU00157,5,Taladro Percutor de Latón Einhell,"Potente taladro percutor de la marca Einhell. Diseñado con una robusta carcasa de latón y un acabado sin recubrimiento para máxima durabilidad. Ideal para perforaciones precisas.",235.89,Einhell,"{""rosca"": ""UNC"", ""material"": ""Latón"", ""recubrimiento"": ""Sin recubrimiento"", ""peso_gramos"": 3109}"
SKU00158,27,Esmalte para Metales Hilti,"Esmalte sintético Hilti de alta resistencia. Proporciona una capa protectora duradera contra el desgaste, perfecta para metales y maderas.",66.19,Hilti,"{""rosca"": ""Whitworth"", ""material"": ""Titanio"", ""recubrimiento"": ""Sin recubrimiento"", ""peso_gramos"": 1072}"
SKU00159,5,Adhesivo para Plásticos Makita,"Adhesivo de montaje Makita con agarre inicial inmediato. Fuerte y versátil, ideal para pegar materiales como madera, metal, cerámica y plástico sin necesidad de clavos.",54.23,Makita,"{""rosca"": ""Métrica"", ""material"": ""Plástico reforzado"", ""recubrimiento"": ""Galvanizado"", ""peso_gramos"": 1964}"
SKU00160,31,Pintura Acrílica Hilti,"Pintura acrílica Hilti de excelente cubrimiento y durabilidad. Ideal para proyectos de interior y exterior, ofreciendo un acabado profesional y resistente.",213.01,Hilti,"{""rosca"": ""Trapezoidal"", ""material"": ""Aluminio"", ""recubrimiento"": ""Galvanizado"", ""peso_gramos"": 3141}"
SKU00161,29,Amoladora Profesional Stanley,"Amoladora angular profesional Stanley. Su diseño ergonómico y su peso de 3.27 kg permiten un control preciso en trabajos de corte y desbaste. Construida con titanio de alta resistencia.",152.47,Stanley,"{""rosca"": ""Métrica"", ""material"": ""Titanio"", ""recubrimiento"": ""Pavonado"", ""peso_gramos"": 3274}"
SKU00162,10,Mini Amoladora de Acero Makita,"Mini amoladora Makita, perfecta para trabajos de precisión. Fabricada en acero y con un acabado protector galvanizado, ofrece fiabilidad y un manejo cómodo para acabados detallados.",178.5,Makita,"{""rosca"": ""UNF"", ""material"": ""Acero"", ""recubrimiento"": ""Galvanizado"", ""peso_gramos"": 4632}"
SKU00163,6,Taladro Inalámbrico Hilti Pro,"Taladro inalámbrico Hilti de alto rendimiento. Su construcción en latón y su peso de 3.93 kg garantizan durabilidad y un manejo cómodo en lugares de difícil acceso.",130.49,Hilti,"{""rosca"": ""Whitworth"", ""material"": ""Latón"", ""recubrimiento"": ""Zincado"", ""peso_gramos"": 3933}"
SKU00164,20,Taladro Compacto Hilti,"Taladro compacto de la marca Hilti. Diseñado con una robusta carcasa de plástico reforzado y un acabado galvanizado para máxima durabilidad. Ideal para perforaciones precisas.",4.67,Hilti,"{""rosca"": ""UNF"", ""material"": ""Plástico reforzado"", ""recubrimiento"": ""Galvanizado"", ""peso_gramos"": 938}"
SKU00165,6,Guantes de Protección Einhell,"Guantes de seguridad Einhell diseñados para una protección superior. Ofrecen un excelente agarre y resistencia a la abrasión, ideales para construcción o jardinería.",115.3,Einhell,"{""rosca"": ""Whitworth"", ""material"": ""Aluminio"", ""recubrimiento"": ""Pavonado"", ""peso_gramos"": 3102}"
SKU00166,27,Guantes de Trabajo de Latón Stanley,"Guantes de trabajo multiusos Stanley. Cómodos, flexibles y duraderos, proporcionan la protección necesaria para la manipulación segura de herramientas y materiales.",146.96,Stanley,"{""rosca"": ""UNF"", ""material"": ""Latón"", ""recubrimiento"": ""Pavonado"", ""peso_gramos"": 3466}"
SKU00167,21,Pack de Tornillos UNF de Acero Facom,"Paquete de tornillos Facom de alta resistencia. Fabricados en acero con un recubrimiento pavonado, son ideales para fijaciones seguras en todo tipo de proyectos.",243.2,Facom,"{""rosca"": ""UNF"", ""material"": ""Acero"", ""recubrimiento"": ""Pavonado"", ""peso_gramos"": 1306}"
SKU00168,26,Amoladora Compacta Bahco,"Mini amoladora Bahco, perfecta para trabajos de precisión. Fabricada en plástico reforzado y con un acabado protector pavonado, ofrece fiabilidad y un manejo cómodo para acabados detallados.",228.1,Bahco,"{""rosca"": ""Métrica"", ""material"": ""Plástico reforzado"", ""recubrimiento"": ""Pavonado"", ""peso_gramos"": 536}"
SKU00169,29,Guantes de Seguridad de Titanio Stanley,"Guantes de seguridad Stanley diseñados para una protección superior. Ofrecen un excelente agarre y resistencia a la abrasión, ideales para construcción o jardinería.",13.16,Stanley,"{""rosca"": ""UNC"", ""material"": ""Titanio"", ""recubrimiento"": ""Galvanizado"", ""peso_gramos"": 3566}"
SKU00170,7,Tornillos Trapezoidales de Titanio Bosch,"Tornillo especializado Bosch con rosca tipo trapezoidal. Hecho de titanio para una máxima durabilidad y con un acabado zincado para una excelente protección contra la corrosión.",162.52,Bosch,"{""rosca"": ""Trapezoidal"", ""material"": ""Titanio"", ""recubrimiento"": ""Zincado"", ""peso_gramos"": 2504}"
SKU00171,31,Pintura para Plástico Hilti,"Pintura acrílica Hilti de excelente cubrimiento y durabilidad. Ideal para proyectos de interior y exterior, ofreciendo un acabado profesional y resistente.",175.57,Hilti,"{""rosca"": ""UNF"", ""material"": ""Plástico reforzado"", ""recubrimiento"": ""Zincado"", ""peso_gramos"": 3761}"
SKU00172,22,Guantes de Trabajo de Aluminio Bosch,"Guantes de trabajo multiusos Bosch. Cómodos, flexibles y duraderos, proporcionan la protección necesaria para la manipulación segura de herramientas y materiales.",27.17,Bosch,"{""rosca"": ""UNF"", ""material"": ""Aluminio"", ""recubrimiento"": ""Zincado"", ""peso_gramos"": 4309}"
SKU00173,22,Tornillos Métricos de Acero Bosch,"Paquete de tornillos Bosch de alta resistencia. Fabricados en acero con un recubrimiento zincado, son ideales para fijaciones seguras en todo tipo de proyectos.",48.33,Bosch,"{""rosca"": ""Métrica"", ""material"": ""Acero"", ""recubrimiento"": ""Zincado"", ""peso_gramos"": 4176}"
SKU00174,32,Guantes de Protección Bosch,"Guantes de seguridad Bosch diseñados para una protección superior. Ofrecen un excelente agarre y resistencia a la abrasión, ideales para construcción o jardinería.",141.05,Bosch,"{""rosca"": ""Whitworth"", ""material"": ""Plástico reforzado"", ""recubrimiento"": ""Galvanizado"", ""peso_gramos"": 3325}"
SKU00175,21,Guantes Multiusos Stanley,"Guantes de trabajo multiusos Stanley. Cómodos, flexibles y duraderos, proporcionan la protección necesaria para la manipulación segura de herramientas y materiales.",99.32,Stanley,"{""rosca"": ""UNC"", ""material"": ""Aluminio"", ""recubrimiento"": ""Zincado"", ""peso_gramos"": 2136}"
SKU00176,27,Guantes de Seguridad Bosch,"Guantes de seguridad Bosch diseñados para una protección superior. Ofrecen un excelente agarre y resistencia a la abrasión, ideales para construcción o jardinería.",59.68,Bosch,"{""rosca"": ""Whitworth"", ""material"": ""Aluminio"", ""recubrimiento"": ""Galvanizado"", ""peso_gramos"": 4418}"
SKU00177,17,Guantes de Trabajo Bahco,"Guantes de trabajo multiusos Bahco. Cómodos, flexibles y duraderos, proporcionan la protección necesaria para la manipulación segura de herramientas y materiales.",81.75,Bahco,"{""rosca"": ""Whitworth"", ""material"": ""Aluminio"", ""recubrimiento"": ""Zincado"", ""peso_gramos"": 3162}"
SKU00178,8,Tornillos UNC de Aluminio Stanley,"Tornillo especializado Stanley con rosca tipo unc. Hecho de aluminio para una máxima durabilidad y con un acabado zincado para una excelente protección contra la corrosión.",33.33,Stanley,"{""rosca"": ""UNC"", ""material"": ""Aluminio"", ""recubrimiento"": ""Zincado"", ""peso_gramos"": 3575}"
SKU00179,18,Adhesivo Universal Facom,"Pegamento universal Facom de secado rápido y transparente. Proporciona una unión fuerte y duradera en segundos, indispensable en cualquier caja de herramientas.",206.31,Facom,"{""rosca"": ""Whitworth"", ""material"": ""Latón"", ""recubrimiento"": ""Pavonado"", ""peso_gramos"": 3501}"
SKU00180,30,Llave Combinada de Acero Bahco,"Llave combinada Bahco, forjada en acero de alta resistencia. Cuenta con un acabado zincado que protege contra el óxido y garantiza una larga vida útil.",7.37,Bahco,"{""rosca"": ""Trapezoidal"", ""material"": ""Acero"", ""recubrimiento"": ""Zincado"", ""peso_gramos"": 2725}"
SKU00181,25,Pack de Tornillos UNF de Titanio Makita,"Paquete de tornillos Makita de alta resistencia. Fabricados en titanio con un recubrimiento galvanizado, son ideales para fijaciones seguras en todo tipo de proyectos.",79.55,Makita,"{""rosca"": ""UNF"", ""material"": ""Titanio"", ""recubrimiento"": ""Galvanizado"", ""peso_gramos"": 3923}"
SKU00182,31,Adhesivo Profesional Hilti,"Adhesivo de montaje Hilti con agarre inicial inmediato. Fuerte y versátil, ideal para pegar materiales como madera, metal, cerámica y plástico sin necesidad de clavos.",134.83,Hilti,"{""rosca"": ""Métrica"", ""material"": ""Acero"", ""recubrimiento"": ""Zincado"", ""peso_gramos"": 1648}"
SKU00183,25,Amoladora Profesional de Titanio Bosch,"Amoladora angular profesional Bosch. Su diseño ergonómico y su peso de 3.62 kg permiten un control preciso en trabajos de corte y desbaste. Construida con titanio de alta resistencia.",243.82,Bosch,"{""rosca"": ""Whitworth"", ""material"": ""Titanio"", ""recubrimiento"": ""Pavonado"", ""peso_gramos"": 3620}"
SKU00184,3,Taladro Percutor de Acero Stanley,"Potente taladro percutor de la marca Stanley. Diseñado con una robusta carcasa de acero y un acabado sin recubrimiento para máxima durabilidad. Ideal para perforaciones precisas.",211.64,Stanley,"{""rosca"": ""Métrica"", ""material"": ""Acero"", ""recubrimiento"": ""Sin recubrimiento"", ""peso_gramos"": 4129}"
SKU00185,1,Tornillos Métricos para Plástico Bosch,"Paquete de tornillos Bosch de alta resistencia. Fabricados en plástico reforzado con un recubrimiento zincado, son ideales para fijaciones seguras en todo tipo de proyectos.",168.77,Bosch,"{""rosca"": ""Métrica"", ""material"": ""Plástico reforzado"", ""recubrimiento"": ""Zincado"", ""peso_gramos"": 4614}"
SKU00186,9,Pintura para Interiores Bosch,"Pintura acrílica Bosch de excelente cubrimiento y durabilidad. Ideal para proyectos de interior y exterior, ofreciendo un acabado profesional y resistente.",131.28,Bosch,"{""rosca"": ""Métrica"", ""material"": ""Plástico reforzado"", ""recubrimiento"": ""Sin recubrimiento"", ""peso_gramos"": 1114}"
SKU00187,30,Mini Amoladora de Aluminio Facom,"Mini amoladora Facom, perfecta para trabajos de precisión. Fabricada en aluminio y con un acabado protector zincado, ofrece fiabilidad y un manejo cómodo para acabados detallados.",75.02,Facom,"{""rosca"": ""Trapezoidal"", ""material"": ""Aluminio"", ""recubrimiento"": ""Zincado"", ""peso_gramos"": 419}"
SKU00188,19,Guantes de Trabajo de Aluminio Makita,"Guantes de trabajo multiusos Makita. Cómodos, flexibles y duraderos, proporcionan la protección necesaria para la manipulación segura de herramientas y materiales.",68.53,Makita,"{""rosca"": ""Whitworth"", ""material"": ""Aluminio"", ""recubrimiento"": ""Galvanizado"", ""peso_gramos"": 4047}"
SKU00189,22,Tornillos Whitworth de Titanio DeWalt,"Tornillo especializado DeWalt con rosca tipo whitworth. Hecho de titanio para una máxima durabilidad y con un acabado pavonado para una excelente protección contra la corrosión.",233.57,DeWalt,"{""rosca"": ""Whitworth"", ""material"": ""Titanio"", ""recubrimiento"": ""Pavonado"", ""peso_gramos"": 3473}"
SKU00190,29,Juego de Llaves de Acero Bahco,"Juego de llaves Bahco fabricado en acero con tratamiento galvanizado. Esencial para trabajos de mecánica y mantenimiento general, ofreciendo un agarre seguro.",189.68,Bahco,"{""rosca"": ""UNC"", ""material"": ""Acero"", ""recubrimiento"": ""Galvanizado"", ""peso_gramos"": 2528}"
SKU00191,13,Guantes de Protección de Titanio Hilti,"Guantes de seguridad Hilti diseñados para una protección superior. Ofrecen un excelente agarre y resistencia a la abrasión, ideales para construcción o jardinería.",84.33,Hilti,"{""rosca"": ""Trapezoidal"", ""material"": ""Titanio"", ""recubrimiento"": ""Pavonado"", ""peso_gramos"": 2794}"
SKU00192,30,Adhesivo para Madera Makita,"Adhesivo de montaje Makita con agarre inicial inmediato. Fuerte y versátil, ideal para pegar materiales como madera, metal, cerámica y plástico sin necesidad de clavos.",15.45,Makita,"{""rosca"": ""Trapezoidal"", ""material"": ""Plástico reforzado"", ""recubrimiento"": ""Pavonado"", ""peso_gramos"": 4244}"
SKU00193,1,Esmalte para Exteriores Stanley,"Esmalte sintético Stanley de alta resistencia. Proporciona una capa protectora duradera contra el desgaste, perfecta para metales y maderas.",242.59,Stanley,"{""rosca"": ""UNF"", ""material"": ""Plástico reforzado"", ""recubrimiento"": ""Pavonado"", ""peso_gramos"": 2337}"
SKU00194,4,Tornillos UNF de Latón Hilti,"Tornillo especializado Hilti con rosca tipo unf. Hecho de latón para una máxima durabilidad y con un acabado sin recubrimiento para una excelente protección contra la corrosión.",120.65,Hilti,"{""rosca"": ""UNF"", ""material"": ""Latón"", ""recubrimiento"": ""Sin recubrimiento"", ""peso_gramos"": 3450}"
SKU00195,23,Juego de Llaves de Titanio Facom,"Juego de llaves Facom fabricado en titanio con tratamiento zincado. Esencial para trabajos de mecánica y mantenimiento general, ofreciendo un agarre seguro.",190.51,Facom,"{""rosca"": ""Trapezoidal"", ""material"": ""Titanio"", ""recubrimiento"": ""Zincado"", ""peso_gramos"": 4869}"
SKU00196,22,Pack de Tornillos UNC Stanley,"Paquete de tornillos Stanley de alta resistencia. Fabricados en plástico reforzado con un recubrimiento zincado, son ideales para fijaciones seguras en todo tipo de proyectos.",191.54,Stanley,"{""rosca"": ""UNC"", ""material"": ""Plástico reforzado"", ""recubrimiento"": ""Zincado"", ""peso_gramos"": 4127}"
SKU00197,22,Guantes de Trabajo de Latón Hilti,"Guantes de trabajo multiusos Hilti. Cómodos, flexibles y duraderos, proporcionan la protección necesaria para la manipulación segura de herramientas y materiales.",99.55,Hilti,"{""rosca"": ""Métrica"", ""material"": ""Latón"", ""recubrimiento"": ""Pavonado"", ""peso_gramos"": 472}"
SKU00198,13,Tornillos Whitworth de Acero Makita,"Tornillo especializado Makita con rosca tipo whitworth. Hecho de acero para una máxima durabilidad y con un acabado zincado para una excelente protección contra la corrosión.",74.79,Makita,"{""rosca"": ""Whitworth"", ""material"": ""Acero"", ""recubrimiento"": ""Zincado"", ""peso_gramos"": 4310}"
SKU00199,26,Guantes Multiusos DeWalt,"Guantes de trabajo multiusos DeWalt. Cómodos, flexibles y duraderos, proporcionan la protección necesaria para la manipulación segura de herramientas y materiales.",191.84,DeWalt,"{""rosca"": ""UNF"", ""material"": ""Aluminio"", ""recubrimiento"": ""Zincado"", ""peso_gramos"": 2277}"
SKU00200,31,Pack de Tornillos de Aluminio Bosch,"Paquete de tornillos Bosch de alta resistencia. Fabricados en aluminio con un recubrimiento pavonado, son ideales para fijaciones seguras en todo tipo de proyectos.",80.05,Bosch,"{""rosca"": ""Whitworth"", ""material"": ""Aluminio"", ""recubrimiento"": ""Pavonado"", ""peso_gramos"": 3364}"